Time1,GRFzDL1,GRFxDL1,Time1b,GRFzSL1,GRFxSL1,Time2,GRFzDL2,GRFxDL2,Time2b,GRFzSL2,GRFxSL2,Time3,GRFzDL3,GRFxDL3,Time3b,GRFzSL3,GRFxSL3
0,371.24,118.2,0,28.33,13.27,0,294.79,88,0,5.18,-1.22,0,432.2,127.93,0,3.13,-0.35
0.001,371.76,118.33,0.001,32.8,12.09,0.001,294.9,87.69,0.001,7.41,-1.78,0.001,432.31,127.84,0.001,2.73,-0.48
0.002,371.54,117.41,0.002,33.99,12.27,0.002,295.78,87.56,0.002,9.31,-2.35,0.002,432.45,127.84,0.002,3.11,-0.35
0.003,371.71,117.71,0.003,32.42,15.18,0.003,295.23,87.52,0.003,10.84,-2.96,0.003,432.39,127.66,0.003,2.91,-0.17
0.004,371.71,117.67,0.004,31.23,18.35,0.004,296.08,87.52,0.004,12.84,-3.96,0.004,432.69,127.79,0.004,2.86,-0.04
0.005,372.01,117.58,0.005,30.13,16.88,0.005,296.24,87.3,0.005,14.57,-4.22,0.005,432.61,127.66,0.005,3,-0.13
0.006,372.29,117.54,0.006,31.23,15.01,0.006,296.27,87.08,0.006,17.26,-4.65,0.006,432.58,127.58,0.006,2.87,-0.09
0.007,372.79,117.63,0.007,31.02,15.53,0.007,296.13,86.99,0.007,19.19,-4.96,0.007,432.8,127.27,0.007,4.33,-0.57
0.008,372.98,117.36,0.008,31.94,17.27,0.008,296.16,87.17,0.008,20.85,-5.09,0.008,432.61,127.14,0.008,7,-0.7
0.009,373.2,117.63,0.009,33.1,16.14,0.009,296.99,86.99,0.009,21.43,-5.18,0.009,432.86,127.09,0.009,12.45,-0.22
0.01,373.48,117.15,0.01,33.62,14.57,0.01,296.63,86.73,0.01,21.65,-5.22,0.01,432.92,126.87,0.01,17.75,0.04
0.011,373.91,117.32,0.011,33.42,15.61,0.011,297.4,86.82,0.011,22.12,-5.22,0.011,433.28,126.92,0.011,22.76,-0.26
0.012,374.22,116.97,0.012,34.24,17.09,0.012,297.4,86.91,0.012,22.96,-5.35,0.012,433.39,126.79,0.012,26.49,0.09
0.013,374.41,117.1,0.013,35.97,16.27,0.013,297.59,86.82,0.013,24.56,-5.35,0.013,433.55,127.01,0.013,29.88,-0.04
0.014,374.47,117.15,0.014,37,13.87,0.014,298.44,86.82,0.014,25.08,-4.44,0.014,433.66,126.79,0.014,33.31,-0.09
0.015,375.08,117.01,0.015,35.48,14.44,0.015,298.8,86.91,0.015,25.88,-4.48,0.015,433.5,126.74,0.015,34.53,-0.09
0.016,375.71,117.06,0.016,35.21,18.01,0.016,299.96,86.86,0.016,26.35,-4.13,0.016,433.39,126.48,0.016,32.48,-0.3
0.017,376.45,116.97,0.017,34.96,20.4,0.017,300.09,86.73,0.017,26.32,-4.65,0.017,434.55,126.35,0.017,29.77,-1.52
0.018,376.32,116.97,0.018,34.84,21.18,0.018,300.87,86.82,0.018,27.45,-4.39,0.018,434.19,126.48,0.018,26.39,-2.57
0.019,376.92,117.19,0.019,39.89,18.83,0.019,301.55,86.77,0.019,28.26,-4.31,0.019,434.49,125.95,0.019,24.02,-3.18
0.02,376.92,116.62,0.02,42.24,17.57,0.02,302.32,86.91,0.02,28.93,-4.61,0.02,434.9,126.09,0.02,25.52,-3.04
0.021,377.42,116.97,0.021,45.76,18.31,0.021,303.32,87.04,0.021,29.74,-4.7,0.021,435.15,126.13,0.021,29.41,-3.44
0.022,377.81,117.15,0.022,42.97,18.75,0.022,303.81,87.08,0.022,30.43,-5.31,0.022,435.07,125.91,0.022,33.77,-4.13
0.023,377.97,116.79,0.023,37.45,19.05,0.023,304.74,87.04,0.023,30.51,-5.22,0.023,435.24,126.04,0.023,35.42,-4.65
0.024,379.02,117.01,0.024,34.66,21.49,0.024,305.46,86.95,0.024,31.35,-5.26,0.024,436.26,125.69,0.024,35.86,-4.22
0.025,378.85,116.79,0.025,37.57,22.49,0.025,306.09,86.95,0.025,30.41,-6.31,0.025,436.15,125.56,0.025,35.54,-3.91
0.026,378.97,117.01,0.026,42.55,21.7,0.026,306.67,86.82,0.026,31.03,-6.57,0.026,436.34,125.38,0.026,35.71,-3.7
0.027,379.38,116.75,0.027,44.92,19.05,0.027,307.85,87.17,0.027,30.14,-6.57,0.027,436.39,125.38,0.027,35,-3.04
0.028,380.4,116.84,0.028,47.16,19.01,0.028,308.52,87.04,0.028,30.04,-6.22,0.028,437.11,125.6,0.028,35.12,-2.87
0.029,380.32,117.15,0.029,47.31,21.31,0.029,309.31,87.3,0.029,29.64,-6.65,0.029,436.89,125.25,0.029,36.47,-2.48
0.03,380.9,116.71,0.03,46.84,21.96,0.03,310.61,87.3,0.03,29.55,-6.96,0.03,437.41,125.38,0.03,38.04,-2.91
0.031,380.82,117.28,0.031,44.51,19.79,0.031,311.43,87.34,0.031,28.98,-6.83,0.031,438.05,125.34,0.031,39.82,-3.18
0.032,382.14,117.1,0.032,43.46,19.7,0.032,312.7,87.56,0.032,28.72,-6.52,0.032,437.99,125.12,0.032,40.08,-3.74
0.033,381.59,117.1,0.033,46.97,21.18,0.033,313.08,87.52,0.033,28.42,-6.52,0.033,438.71,124.99,0.033,38.44,-4.7
0.034,382.3,117.15,0.034,49.84,21.96,0.034,314.65,87.61,0.034,27.69,-6.74,0.034,438.71,125.21,0.034,36.12,-4.78
0.035,382.47,117.06,0.035,51.63,21.57,0.035,315.31,87.91,0.035,27.71,-6.87,0.035,438.71,124.86,0.035,34.24,-4.57
0.036,383.52,116.97,0.036,51.1,21.09,0.036,316.11,87.87,0.036,27.55,-6.96,0.036,439.15,124.9,0.036,33.51,-4.96
0.037,383.77,117.06,0.037,50.21,21.62,0.037,317.46,87.91,0.037,26.85,-7.09,0.037,439.43,125.08,0.037,34.48,-5.7
0.038,384.29,117.23,0.038,50.92,22.31,0.038,318.21,87.87,0.038,26.76,-7.22,0.038,440.22,124.86,0.038,36.07,-6.18
0.039,384.46,117.19,0.039,51.38,22.75,0.039,319.91,88.18,0.039,26.32,-7.44,0.039,440.69,124.68,0.039,35.41,-6.22
0.04,385.29,116.97,0.04,52.14,21.53,0.04,320.46,88.05,0.04,26.53,-7.35,0.04,440.89,124.81,0.04,35.01,-5.87
0.041,385.73,117.32,0.041,54.24,21.62,0.041,321.7,88.66,0.041,26.21,-7.31,0.041,440.86,124.68,0.041,34.38,-6
0.042,385.95,117.28,0.042,55.77,22.49,0.042,323.05,88.57,0.042,25.85,-7.92,0.042,441.58,124.77,0.042,33.69,-5.48
0.043,386.64,116.79,0.043,57.16,22.7,0.043,324.51,88.75,0.043,25.83,-7.39,0.043,441.93,124.51,0.043,32.17,-5.48
0.044,386.47,117.19,0.044,58.17,22.09,0.044,325.12,88.92,0.044,24.73,-7.52,0.044,442.32,124.6,0.044,31.66,-5.52
0.045,387.2,116.53,0.045,59.19,22.23,0.045,326.55,88.79,0.045,24.78,-7.44,0.045,442.65,124.33,0.045,31.8,-5.65
0.046,387.73,117.36,0.046,61.49,23.36,0.046,327.65,88.92,0.046,24.5,-7.13,0.046,443.34,124.6,0.046,31.45,-5.7
0.047,389.89,117.67,0.047,62,23.97,0.047,329.63,89.01,0.047,24.06,-6.92,0.047,443.92,124.46,0.047,30.36,-5.7
0.048,390.79,117.15,0.048,62.96,23.4,0.048,330.84,89.1,0.048,24.15,-6.74,0.048,444.33,124.33,0.048,29.23,-5.7
0.049,389.37,116.58,0.049,64.04,23.53,0.049,331.95,89.32,0.049,23.86,-6.83,0.049,444.39,124.2,0.049,28.11,-5.7
0.05,388.63,117.28,0.05,67.2,24.1,0.05,333.35,89.27,0.05,24.52,-6.83,0.05,444.88,124.33,0.05,27.42,-5.7
0.051,390.45,117.15,0.051,68.41,24.53,0.051,334.4,89.62,0.051,23.81,-6.74,0.051,445.46,124.29,0.051,26.28,-5.48
0.052,392.35,117.32,0.052,69.9,24.4,0.052,336.52,89.36,0.052,23.9,-6.44,0.052,445.82,124.03,0.052,26.7,-5.39
0.053,392.99,117.58,0.053,70.28,24.53,0.053,337.59,89.8,0.053,24.24,-6.61,0.053,447.2,123.98,0.053,26.8,-5.48
0.054,392.76,117.06,0.054,72.5,24.92,0.054,338.5,90.02,0.054,24.4,-6.35,0.054,447.12,124.24,0.054,26.71,-5.31
0.055,392.35,117.01,0.055,73.7,25.88,0.055,340.04,90.06,0.055,24.56,-6.18,0.055,447.83,123.98,0.055,27.22,-4.91
0.056,393.37,117.1,0.056,76.27,25.62,0.056,341.45,90.15,0.056,24.29,-6.13,0.056,448.63,123.98,0.056,26.79,-3.96
0.057,396.18,117.67,0.057,77.32,25.49,0.057,342.93,90.28,0.057,24.78,-5.96,0.057,449.16,124.07,0.057,26.6,-3.83
0.058,397.23,117.98,0.058,79.16,26.66,0.058,344.06,90.19,0.058,25.43,-5.65,0.058,449.79,123.68,0.058,26.16,-3.7
0.059,396.82,118.02,0.059,81.33,26.84,0.059,345.08,90.54,0.059,24.75,-5.22,0.059,450.15,124.07,0.059,25.9,-3.26
0.06,395.61,117.85,0.06,82.82,27.36,0.06,347.06,90.67,0.06,25.31,-5.13,0.06,450.86,124.29,0.06,25.55,-3.26
0.061,395.89,117.36,0.061,85.04,26.75,0.061,347.89,91.11,0.061,25.11,-4.83,0.061,451.99,123.68,0.061,26.08,-2.52
0.062,397.7,117.06,0.062,86.29,27.62,0.062,349.52,90.81,0.062,25.55,-4.44,0.062,452.08,123.81,0.062,26.16,-2.31
0.063,399.82,117.76,0.063,88.54,28.62,0.063,350.45,90.76,0.063,25.34,-4.13,0.063,453.04,123.68,0.063,26.07,-1.83
0.064,400.49,117.98,0.064,89.79,28.75,0.064,352.24,91.2,0.064,25.99,-3.65,0.064,453.4,123.68,0.064,25.76,-1.3
0.065,400.96,117.63,0.065,90.45,29.45,0.065,353.45,91.33,0.065,25.72,-3.35,0.065,453.84,123.63,0.065,25.41,-1.13
0.066,401.84,117.98,0.066,92.42,29.88,0.066,355.22,91.42,0.066,25.82,-3.61,0.066,455.27,123.72,0.066,25.69,-0.74
0.067,402.92,118.02,0.067,94.91,30.66,0.067,356.24,91.55,0.067,25.87,-3.22,0.067,455.49,123.98,0.067,25.26,-0.22
0.068,404.07,117.89,0.068,97.39,31.14,0.068,357.34,91.42,0.068,26.1,-3.09,0.068,455.99,123.98,0.068,25.54,-0.09
0.069,404.35,118.33,0.069,98.6,31.53,0.069,358.47,91.95,0.069,26.37,-2.65,0.069,456.84,123.68,0.069,25.72,-0.09
0.07,405.76,118.02,0.07,98.99,31.53,0.07,359.87,91.99,0.07,26.38,-2.35,0.07,457.64,123.72,0.07,25.89,-0.13
0.071,407.6,118.15,0.071,98.52,32.4,0.071,360.84,91.9,0.071,26.61,-2.17,0.071,458.8,123.94,0.071,26.56,0.13
0.072,407.82,118.37,0.072,99.93,33.36,0.072,362.6,92.3,0.072,26.79,-2.13,0.072,459.46,123.59,0.072,26.84,0
0.073,408.34,118.5,0.073,101.8,33.32,0.073,363.82,92.34,0.073,27.47,-1.35,0.073,460.18,123.46,0.073,27.62,0.04
0.074,409.78,118.02,0.074,104.7,32.66,0.074,365.3,92.52,0.074,26.93,-1.39,0.074,460.45,123.59,0.074,28.2,-0.09
0.075,410.22,118.24,0.075,106.56,32.88,0.075,367.01,92.56,0.075,26.73,-1.13,0.075,461.58,123.54,0.075,28.58,0.09
0.076,411.88,118.59,0.076,107.65,32.97,0.076,367.92,92.87,0.076,27.02,-0.65,0.076,463.15,123.85,0.076,29.63,-0.13
0.077,412.32,118.72,0.077,107.53,33.71,0.077,369.77,93.08,0.077,27.07,-0.57,0.077,463.57,123.68,0.077,29.93,-0.09
0.078,413.39,118.94,0.078,107.52,33.53,0.078,371.48,93.08,0.078,27.07,-0.17,0.078,464.7,123.63,0.078,30.79,-0.13
0.079,414.47,119.29,0.079,108.67,33.27,0.079,372.22,93.22,0.079,27.08,0.04,0.079,465.52,124.07,0.079,30.62,-0.22
0.08,416.26,118.72,0.08,109.13,32.97,0.08,374.04,93.22,0.08,27.51,-0.04,0.08,466.49,123.85,0.08,30.74,-0.04
0.081,417.91,119.16,0.081,110.22,32.97,0.081,375.75,93.3,0.081,27.89,0.04,0.081,467.56,123.98,0.081,31.37,0.09
0.082,418.91,119.16,0.082,111.14,32.97,0.082,376.99,93.65,0.082,27.71,0.04,0.082,468.11,123.94,0.082,31.6,0.04
0.083,419.54,119.25,0.083,112.78,32.58,0.083,379.08,93.92,0.083,27.85,0.39,0.083,469.49,123.89,0.083,32.9,0.09
0.084,421.41,119.42,0.084,113.36,32.92,0.084,380.18,94.01,0.084,28.42,-0.04,0.084,470.4,123.98,0.084,33.01,-0.13
0.085,422.13,119.69,0.085,112.93,33.01,0.085,381.75,94.4,0.085,28.13,-0.09,0.085,471.64,123.81,0.085,33.29,-0.04
0.086,423.68,119.95,0.086,114.59,32.62,0.086,382.55,94.27,0.086,28.41,-0.13,0.086,472.38,123.68,0.086,33.63,-0.13
0.087,424.37,120.17,0.087,115.9,31.79,0.087,384.73,94.62,0.087,28.73,-0.3,0.087,473.71,124.07,0.087,34.66,0.09
0.088,426.21,119.99,0.088,117.8,31.14,0.088,385.53,94.53,0.088,28.83,-0.09,0.088,474.92,124.2,0.088,35.05,0.13
0.089,427.48,120.43,0.089,118.27,30.66,0.089,387.54,94.88,0.089,28.93,-0.09,0.089,476.1,124.07,0.089,35.69,10.26
0.09,428.78,120.21,0.09,120.62,29.27,0.09,388.78,94.88,0.09,29.27,0.04,0.09,476.19,124.16,0.09,36.07,34.36
0.091,430.13,120.61,0.091,122.1,23.53,0.091,390.24,95.32,0.091,29.14,-0.09,0.091,478,124.16,0.091,36.33,33.97
0.092,431.12,120.78,0.092,119.78,23.14,0.092,391.62,95.41,0.092,29.49,0.04,0.092,479.05,124.2,0.092,41.29,27.01
0.093,432.63,120.65,0.093,125.63,28.1,0.093,393.36,96.07,0.093,29.28,0,0.093,480.4,124.51,0.093,44.55,20.01
0.094,434.51,121.05,0.094,128.48,24.79,0.094,394.65,96.28,0.094,29.83,0.09,0.094,481.17,124.55,0.094,45.48,12.09
0.095,435.53,121.26,0.095,130.47,28.05,0.095,396.5,96.46,0.095,29.5,0.04,0.095,482.71,124.55,0.095,42.3,0.91
0.096,436.69,121.31,0.096,131.54,27.01,0.096,397.87,96.2,0.096,29.96,0.04,0.096,483.43,124.51,0.096,35.16,0.35
0.097,438.45,121.57,0.097,134.84,24.7,0.097,400.13,97.03,0.097,30.34,-0.17,0.097,484.86,124.73,0.097,27.51,12.74
0.098,439.8,122.01,0.098,137.66,27.1,0.098,401.37,96.99,0.098,30.52,-0.04,0.098,486.35,124.77,0.098,27.54,30.01
0.099,441.51,122.1,0.099,137.81,28.44,0.099,404.35,97.16,0.099,30.7,0.09,0.099,487.4,124.64,0.099,34.81,31.05
0.1,443.05,122.23,0.1,141.6,25.97,0.1,405.34,97.69,0.1,30.66,0.09,0.1,489.02,124.95,0.1,48.32,22.49
0.101,444.95,122.4,0.101,145.77,25.36,0.101,407.88,97.91,0.101,30.74,0.13,0.101,490.1,125.03,0.101,53.21,18.57
0.102,445.7,122.84,0.102,147.72,28.14,0.102,409.12,98.39,0.102,31.04,14.74,0.102,491.25,125.08,0.102,50.15,14.22
0.103,447.49,123.37,0.103,152.84,27.53,0.103,411.26,98.48,0.103,29.89,28.75,0.103,492.88,125.03,0.103,44.05,9.44
0.104,449.28,123.68,0.104,153.75,25.4,0.104,413.66,99.13,0.104,29.71,26.57,0.104,493.9,125.03,0.104,36.02,4.52
0.105,451.04,124.03,0.105,156.19,27.44,0.105,415.86,99.48,0.105,32.6,19.92,0.105,495.6,125.21,0.105,31.86,8.39
0.106,452.8,124.55,0.106,165.45,25.88,0.106,418.1,99.83,0.106,38.17,15.14,0.106,497.04,125.25,0.106,34.46,20.36
0.107,454.02,124.73,0.107,166.54,26.4,0.107,419.97,100.36,0.107,42.13,11,0.107,498.61,125.21,0.107,42.95,21.79
0.108,456,125.3,0.108,172.09,26.75,0.108,421.65,100.89,0.108,37.81,1.13,0.108,499.85,125.38,0.108,54.65,18.05
0.109,457.63,125.95,0.109,176.14,26.05,0.109,424.37,101.67,0.109,27.99,0.7,0.109,502.43,125.34,0.109,56.62,15.01
0.11,459.56,126.35,0.11,179.06,25.62,0.11,426.64,101.89,0.11,19.86,3.78,0.11,503.42,125.21,0.11,50.57,15.61
0.111,460.74,126.61,0.111,186.06,26.71,0.111,428.37,102.64,0.111,19.12,19.57,0.111,504.99,125.6,0.111,44.5,13.79
0.112,462.62,127.05,0.112,187.36,25.27,0.112,431.15,102.95,0.112,27.17,22.75,0.112,506.73,125.73,0.112,41.13,12.35
0.113,463.74,127.79,0.113,195.14,24.75,0.113,433.72,104,0.113,36.92,14.27,0.113,508.52,125.69,0.113,38.23,17.7
0.114,465.95,128.23,0.114,198.28,25.27,0.114,436.25,104.61,0.114,43.99,9.09,0.114,510.97,125.91,0.114,40.38,24.4
0.115,467.44,128.76,0.115,200.52,24.4,0.115,438.7,105.53,0.115,43.34,7.35,0.115,512.51,125.69,0.115,45.76,27.18
0.116,469.75,129.11,0.116,209.89,23.31,0.116,440.85,106.01,0.116,38.46,6.57,0.116,514.55,125.91,0.116,52.2,24.66
0.117,471.71,129.24,0.117,216.59,23.53,0.117,443.3,107.11,0.117,31.15,2.26,0.117,515.76,125.82,0.117,52.68,22.14
0.118,472.95,129.9,0.118,219.67,23.05,0.118,446.25,107.94,0.118,26.11,2.35,0.118,517.71,126.22,0.118,48.75,23.79
0.119,475.37,130.6,0.119,229.61,21.96,0.119,449.03,109.21,0.119,27.46,9.35,0.119,519.34,126.17,0.119,45.29,23.36
0.12,477.9,131.04,0.12,232.94,21.36,0.12,451.26,109.65,0.12,32.41,13.7,0.12,521.4,126.44,0.12,44.69,20.4
0.121,478.82,131.7,0.121,241.9,20.96,0.121,454.4,110.35,0.121,38.53,12.48,0.121,523.16,126.57,0.121,45.93,21.4
0.122,481.02,131.91,0.122,245.03,19.09,0.122,457.02,111.18,0.122,42.86,10.61,0.122,525.42,126.96,0.122,47.72,26.57
0.123,482.84,132.44,0.123,251.59,18.4,0.123,459.55,112.15,0.123,42.41,12.22,0.123,527.37,126.79,0.123,51.82,28.01
0.124,485.01,132.75,0.124,259,17.66,0.124,461.79,113.29,0.124,39.31,14.92,0.124,528.69,127.22,0.124,55.29,25.27
0.125,487.05,133.49,0.125,268.88,15.31,0.125,465.26,114.16,0.125,35.02,14.7,0.125,531.58,127.31,0.125,55.79,23.53
0.126,488.32,133.97,0.126,276.41,14.35,0.126,468.34,115.52,0.126,31.92,13.96,0.126,533.35,127.36,0.126,52.49,24.79
0.127,490.72,134.85,0.127,278.65,13.96,0.127,471.48,116.09,0.127,32.59,16.31,0.127,535.55,127.49,0.127,48.54,26.27
0.128,492.92,134.98,0.128,288.24,12.66,0.128,474.04,117.41,0.128,35.03,18.22,0.128,537.72,127.75,0.128,49.87,24.79
0.129,495.01,135.73,0.129,295.34,10.31,0.129,476.68,117.98,0.129,39.55,17.27,0.129,539.65,128.01,0.129,51.6,24.57
0.13,496.94,136.34,0.13,301.14,10,0.13,479.91,119.12,0.13,42.87,15.92,0.13,541.74,128.45,0.13,52.82,27.75
0.131,498.95,136.95,0.131,305.31,9.31,0.131,483.49,119.42,0.131,41.07,15.61,0.131,543.81,128.63,0.131,55.72,29.97
0.132,500.83,137.35,0.132,312.7,7.7,0.132,485.58,120.17,0.132,37.48,15.66,0.132,545.63,128.89,0.132,58.65,28.92
0.133,503.03,138.01,0.133,320.34,6.13,0.133,487.87,120.87,0.133,39.29,15.14,0.133,548.3,129.2,0.133,59.06,27.97
0.134,505.04,138.58,0.134,331.76,6.35,0.134,491.09,122.1,0.134,39.47,15.18,0.134,550.28,129.46,0.134,56.75,28.92
0.135,507.55,139.01,0.135,340.71,6.31,0.135,493.87,122.93,0.135,38.72,15.7,0.135,553.28,129.59,0.135,56.68,29.45
0.136,509.25,139.72,0.136,346.62,5.13,0.136,497.12,124.2,0.136,39.3,16.53,0.136,555.23,129.9,0.136,56.87,28.4
0.137,512.17,140.77,0.137,354.97,4.22,0.137,499.68,125.21,0.137,42.62,15.7,0.137,557.71,130.34,0.137,56.7,27.79
0.138,513.55,140.94,0.138,362.62,3.52,0.138,502.85,125.91,0.138,45.39,15.92,0.138,560.08,130.69,0.138,58.95,27.92
0.139,516.53,141.47,0.139,369.29,3.96,0.139,504.75,126.79,0.139,43.53,18.14,0.139,561.76,130.99,0.139,67.48,20.22
0.14,518.78,142.43,0.14,374.35,3.7,0.14,508.11,127.4,0.14,40.54,19.49,0.14,564.51,131.43,0.14,68.33,18.66
0.141,521.54,142.83,0.141,378.47,2.09,0.141,510.78,128.1,0.141,41.22,19.35,0.141,566.22,131.61,0.141,63.62,20.96
0.142,523.69,143.7,0.142,383.89,1.13,0.142,513.56,128.89,0.142,42.69,19.01,0.142,568.06,132.4,0.142,67.53,20.96
0.143,525.97,144.36,0.143,393.31,1.3,0.143,517.22,129.68,0.143,41.93,20.01,0.143,571.12,132.66,0.143,60.16,19.44
0.144,528.12,145.11,0.144,398.82,1.44,0.144,519.09,130.77,0.144,42.16,20.49,0.144,573.16,133.32,0.144,56.67,23.7
0.145,530.91,145.72,0.145,409.03,0.65,0.145,522.29,131.52,0.145,43.67,19.44,0.145,575.39,133.84,0.145,63.74,27.75
0.146,532.78,146.2,0.146,418.14,0.17,0.146,525.04,132.4,0.146,45.77,18.62,0.146,578.03,134.24,0.146,70.35,26.92
0.147,535.01,146.99,0.147,428.34,0.26,0.147,527.79,133.01,0.147,45.82,19.88,0.147,579.98,134.98,0.147,75.3,26.62
0.148,537.93,147.47,0.148,438.39,0.35,0.148,531.35,134.32,0.148,44.63,21.14,0.148,582.02,135.55,0.148,76.29,29.97
0.149,539.8,148.22,0.149,447.38,-0.09,0.149,533.96,134.85,0.149,45.88,20.09,0.149,584.06,136.08,0.149,75.6,31.27
0.15,541.73,148.92,0.15,455.17,-0.09,0.15,536.39,135.81,0.15,55.12,15.57,0.15,586.98,136.73,0.15,75.99,31.53
0.151,544.84,149.71,0.151,464.72,0.13,0.151,539.88,136.43,0.151,54.21,16.4,0.151,588.47,137.52,0.151,74.63,29.58
0.152,546.44,150.28,0.152,476.34,0.04,0.152,542.58,137.44,0.152,46.13,19.09,0.152,591.11,137.87,0.152,73.38,30.66
0.153,549,150.98,0.153,491.79,0,0.153,545.56,138.31,0.153,48.01,19.44,0.153,593.29,138.4,0.153,77.7,32.14
0.154,551.48,151.46,0.154,505.62,-0.17,0.154,547.95,138.79,0.154,43.09,18.05,0.154,595.1,139.23,0.154,83.23,30.75
0.155,554.4,152.42,0.155,515.26,-0.17,0.155,551.12,139.41,0.155,46.41,18.53,0.155,596.89,139.28,0.155,85.84,29.75
0.156,556.88,152.69,0.156,526.83,-0.13,0.156,554.01,140.5,0.156,54.79,20.62,0.156,599.51,140.2,0.156,86.53,30.49
0.157,558.86,153.65,0.157,533.31,-32.92,0.157,556.77,141.51,0.157,60.3,21.27,0.157,601.08,140.77,0.157,86.29,31.92
0.158,561.39,154.35,0.158,543.12,-66.02,0.158,559.14,142.21,0.158,63.08,20.27,0.158,602.79,141.03,0.158,87.41,31.75
0.159,563.54,155.19,0.159,552.46,-81.03,0.159,562.5,143.4,0.159,54.52,20.09,0.159,605.07,141.51,0.159,88.44,31.19
0.16,565.97,155.71,0.16,572.29,-79.81,0.16,565.72,143.97,0.16,52.73,24.57,0.16,607.03,142.21,0.16,90.44,32.23
0.161,568.94,156.81,0.161,584.24,-91.29,0.161,567.59,144.67,0.161,59.47,25.53,0.161,609.28,142.65,0.161,92.88,34.27
0.162,571.06,157.33,0.162,586.48,-91.42,0.162,570.9,145.63,0.162,60.75,22.7,0.162,611.76,143.35,0.162,97.19,35.23
0.163,573.79,157.81,0.163,591.68,-86.55,0.163,573.73,146.6,0.163,60.54,22.7,0.163,612.64,143.66,0.163,100.37,36.06
0.164,576.02,158.38,0.164,603,-91.16,0.164,576.63,147.3,0.164,63.9,22.92,0.164,614.96,144.54,0.164,102.01,37.27
0.165,578.75,159.48,0.165,620.78,-95.6,0.165,579.27,148.26,0.165,68.47,25.27,0.165,616.39,144.67,0.165,103.81,38.14
0.166,581.31,160.05,0.166,635.8,-96.12,0.166,581.81,149.05,0.166,72.39,24.57,0.166,618.92,145.11,0.166,107.6,38.84
0.167,583.81,160.97,0.167,655.92,-98.95,0.167,584.17,150.1,0.167,68.72,23.7,0.167,620.54,145.41,0.167,110.13,39.88
0.168,586.27,161.63,0.168,667.49,-106.04,0.168,587.04,150.76,0.168,66.78,23.53,0.168,622.8,146.11,0.168,111.74,40.23
0.169,589.27,162.02,0.169,679.18,-113.95,0.169,590.1,151.55,0.169,72.61,25.1,0.169,624.78,146.51,0.169,114.17,41.93
0.17,591.31,162.9,0.17,687.87,-117.35,0.17,592.93,152.07,0.17,76.13,25.27,0.17,625.64,147.38,0.17,116.06,43.36
0.171,594.94,163.51,0.171,699.95,-119.52,0.171,595.8,153.34,0.171,77.03,24.05,0.171,627.62,147.78,0.171,118.31,44.49
0.172,597,164.3,0.172,710.16,-129.26,0.172,598.03,153.87,0.172,79.76,23.49,0.172,629.5,148.22,0.172,120.62,45.19
0.173,599.79,165,0.173,728.65,-135.14,0.173,600.45,154.7,0.173,81.06,26.88,0.173,632.77,148.39,0.173,122.32,45.67
0.174,602.57,166.14,0.174,744.39,-143.36,0.174,603.92,155.27,0.174,83.32,28.18,0.174,634.72,148.79,0.174,124.34,46.06
0.175,605.6,166.4,0.175,757.55,-151.1,0.175,606.13,156.24,0.175,85.31,27.79,0.175,636.67,149.23,0.175,126.45,46.15
0.176,608.6,167.19,0.176,770.16,-163.49,0.176,609.46,157.11,0.176,87.15,27.31,0.176,637.53,149.44,0.176,128.19,45.54
0.177,611.27,168.16,0.177,783.26,-170.97,0.177,611.86,157.81,0.177,89.63,28.49,0.177,638.69,150.1,0.177,129.95,46.15
0.178,614.16,168.9,0.178,792.08,-180.54,0.178,614.63,159.04,0.178,92.72,29.01,0.178,640.45,150.93,0.178,132.56,46.67
0.179,616.97,169.56,0.179,804.64,-186.68,0.179,617.06,159.48,0.179,93.8,28.62,0.179,642.33,152.03,0.179,134.62,46.84
0.18,618.65,169.95,0.18,817.9,-196.46,0.18,620.64,160.14,0.18,95.42,27.88,0.18,645.41,151.81,0.18,135.73,46.93
0.181,621.79,170.66,0.181,833.7,-203.16,0.181,622.68,160.97,0.181,96.89,28.62,0.181,646.89,152.03,0.181,136.89,46.71
0.182,623.75,171.31,0.182,849.39,-208.6,0.182,626.26,161.85,0.182,99.61,28.75,0.182,648.13,152.29,0.182,138.28,46.15
0.183,626.42,172.19,0.183,864.09,-217.56,0.183,628.52,162.94,0.183,101.45,28.01,0.183,649.75,153.34,0.183,140.15,45.49
0.184,628.43,172.58,0.184,880.33,-223.34,0.184,631.91,163.34,0.184,102.99,27.01,0.184,651.68,153.87,0.184,140.8,44.71
0.185,632.2,173.42,0.185,893.61,-228.3,0.185,634.8,164.3,0.185,106.39,27.18,0.185,654.21,154.57,0.185,141.92,44.06
0.186,634.9,174.03,0.186,906.52,-235,0.186,637.06,165.13,0.186,108.31,27.05,0.186,655.2,155.23,0.186,143.64,43.49
0.187,637.9,174.64,0.187,923.49,-242.65,0.187,640.31,166.1,0.187,109.94,26.01,0.187,657.32,155.58,0.187,145.06,42.8
0.188,641.15,175.87,0.188,937.2,-247.87,0.188,643.25,166.76,0.188,111.18,24.88,0.188,658.26,155.89,0.188,146.07,41.15
0.189,644.84,176.84,0.189,949.53,-256.44,0.189,645.76,167.28,0.189,117.55,22.92,0.189,660.49,155.97,0.189,148.09,39.54
0.19,647.07,177.32,0.19,962.32,-262.83,0.19,649.4,168.2,0.19,127.55,17.96,0.19,661.65,156.94,0.19,150.29,37.84
0.191,650.01,178.15,0.191,974.39,-272.75,0.191,652.15,169.52,0.191,127.35,21.44,0.191,663.88,157.46,0.191,151.69,36.36
0.192,652.63,178.81,0.192,984.1,-278.45,0.192,654.66,170.35,0.192,119.74,20.7,0.192,666.08,158.03,0.192,166.47,29.1
0.193,655.22,179.68,0.193,991.42,-286.15,0.193,657.33,170.83,0.193,115.87,20.05,0.193,667.01,158.08,0.193,161.46,25.62
0.194,657.66,180.08,0.194,999.36,-293.28,0.194,660.2,171.84,0.194,114.49,22.36,0.194,669.21,158.3,0.194,158.03,30.14
0.195,661.69,180.43,0.195,1007.05,-298.54,0.195,663.48,172.36,0.195,115.79,22.36,0.195,671.44,158.74,0.195,157.34,26.05
0.196,663.72,181.13,0.196,1014.67,-305.76,0.196,666.15,173.46,0.196,125.43,22.57,0.196,672.71,159.48,0.196,157.52,27.44
0.197,667.19,181.74,0.197,1024.08,-310.15,0.197,668.74,174.34,0.197,129.22,24.62,0.197,675.07,160.09,0.197,162.29,31.92
0.198,669.59,182.53,0.198,1032.54,-315.03,0.198,671.93,174.86,0.198,133.62,25.27,0.198,676.31,160.62,0.198,162.22,26.92
0.199,672.37,183.06,0.199,1037.71,-321.29,0.199,674.16,175.78,0.199,134.01,22.92,0.199,678.29,160.66,0.199,174.6,27.71
0.2,675.51,183.8,0.2,1044.22,-325.29,0.2,677.08,176.44,0.2,131.16,24.53,0.2,679.62,161.36,0.2,181.51,30.88
0.201,679.17,184.33,0.201,1049.08,-329.25,0.201,679.03,177.01,0.201,132.51,23.31,0.201,680.97,161.32,0.201,182.32,26.66
0.202,681.37,185.21,0.202,1055.09,-331.9,0.202,682.31,177.67,0.202,134.99,23.14,0.202,683.41,162.2,0.202,182.96,27.36
0.203,683.55,185.56,0.203,1062.2,-335.38,0.203,685.01,178.33,0.203,138.68,23.88,0.203,685.61,162.77,0.203,181.93,28.79
0.204,687.04,186.39,0.204,1066.81,-338.64,0.204,687.52,178.89,0.204,147,22.31,0.204,687.62,162.9,0.204,185.24,25.14
0.205,689.44,186.74,0.205,1073.51,-340.38,0.205,689.75,179.38,0.205,149.18,21.96,0.205,689.49,163.16,0.205,191.23,28.01
0.206,692.91,187.18,0.206,1077.95,-342.95,0.206,692.43,180.08,0.206,148.87,22.92,0.206,691.48,163.64,0.206,196.62,24.23
0.207,694.18,187.66,0.207,1082.46,-344.73,0.207,695.51,180.43,0.207,149.15,21.88,0.207,693.07,164.04,0.207,202.27,23.88
0.208,697.89,188.01,0.208,1085.02,-346.08,0.208,698.26,180.69,0.208,149.03,22.23,0.208,695.63,164.65,0.208,209.63,25.01
0.209,699.82,189.33,0.209,1087.89,-347.04,0.209,700.6,181.48,0.209,150.59,22.75,0.209,697.2,165.22,0.209,212.7,22.44
0.21,702.63,189.33,0.21,1089.88,-348.08,0.21,703.33,181.83,0.21,152.28,22.23,0.21,699.54,165.53,0.21,215.33,23.01
0.211,705.2,189.54,0.211,1091.54,-348.6,0.211,705.62,182.18,0.211,155.71,22.49,0.211,700.64,166.23,0.211,217.81,23.23
0.212,708.19,190.25,0.212,1093.82,-350.52,0.212,708.51,182.84,0.212,158.16,22.36,0.212,703.12,166.84,0.212,220.18,22.49
0.213,709.87,190.95,0.213,1096.93,-350.99,0.213,710.08,183.15,0.213,159.47,22.31,0.213,705.04,167.5,0.213,222.92,23.27
0.214,713.12,191.47,0.214,1099.68,-352.43,0.214,713.44,183.23,0.214,160.64,22.36,0.214,706.8,167.85,0.214,227.28,22.66
0.215,715.52,191.82,0.215,1102.2,-352.95,0.215,715.23,183.8,0.215,162.72,21.79,0.215,708.98,168.2,0.215,230.64,22.09
0.216,717.94,192.22,0.216,1103.79,-354,0.216,717.57,184.42,0.216,163.48,21.79,0.216,711.31,168.95,0.216,234.26,22.49
0.217,720.26,192.52,0.217,1105.98,-354.74,0.217,719.42,184.77,0.217,163.57,21.79,0.217,711.86,169.34,0.217,237.56,21.53
0.218,722.1,193.05,0.218,1103.95,-355.21,0.218,722.45,184.81,0.218,165.21,21.44,0.218,714.61,169.82,0.218,242.13,21.7
0.219,724.85,193.36,0.219,1103.67,-356.39,0.219,724.63,185.16,0.219,171.17,21.49,0.219,715.41,170.48,0.219,246.39,21.62
0.22,726.73,194.01,0.22,1103.62,-357.61,0.22,726.25,185.51,0.22,175.26,21.27,0.22,716.73,170.61,0.22,251.75,21.05
0.221,729.23,194.01,0.221,1103.73,-358.65,0.221,729.17,185.73,0.221,178.37,21.09,0.221,719.29,171.36,0.221,257.88,21.01
0.222,731.41,194.41,0.222,1105.04,-359,0.222,731.65,186.17,0.222,178.88,21.18,0.222,720.97,171.88,0.222,263.3,20.75
0.223,734.33,194.37,0.223,1103.13,-359.82,0.223,733.47,186.48,0.223,180.61,20.83,0.223,722.43,172.06,0.223,268.87,20.83
0.224,736.56,194.98,0.224,1103.18,-361.04,0.224,735.73,186.91,0.224,180.78,20.62,0.224,724.32,172.54,0.224,274.27,20.4
0.225,738.35,195.5,0.225,1101.12,-361.78,0.225,737.14,187.13,0.225,184.59,20.57,0.225,726.25,173.42,0.225,281.65,20.44
0.226,740.78,195.68,0.226,1100.46,-363.61,0.226,739.51,187.27,0.226,187.43,20.22,0.226,728.31,173.86,0.226,289.07,20.05
0.227,743.17,195.59,0.227,1098.42,-364.09,0.227,741.13,187.48,0.227,192.68,19.96,0.227,729.28,174.12,0.227,295.29,19.53
0.228,744.79,196.16,0.228,1096.65,-366,0.228,742.62,187.62,0.228,197.81,19.96,0.228,731.15,174.51,0.228,300.98,19.35
0.229,748.07,196.25,0.229,1095.89,-367.09,0.229,744.6,188.05,0.229,201.84,19.75,0.229,732.91,175.26,0.229,308.85,19.09
0.23,749.65,196.95,0.23,1092.89,-368.22,0.23,747.08,188.36,0.23,206.48,19.49,0.23,734.23,175.43,0.23,314.56,18.22
0.231,752.59,197.13,0.231,1091.04,-369.57,0.231,748.21,188.62,0.231,209.89,19.05,0.231,735.77,176.35,0.231,321.25,18.44
0.232,754.38,197.17,0.232,1089.01,-371.09,0.232,750.06,188.67,0.232,212.75,18.92,0.232,737.14,176.66,0.232,327.49,18.14
0.233,756.7,197.52,0.233,1088.95,-372.22,0.233,752.2,188.93,0.233,216.91,18.22,0.233,738.82,176.79,0.233,332.84,17.27
0.234,759.01,197.61,0.234,1086.71,-373.48,0.234,753.58,188.84,0.234,221.95,17.79,0.234,740.36,177.36,0.234,343.21,16.75
0.235,760.28,198,0.235,1086.33,-376.18,0.235,756.06,189.41,0.235,227.28,17.14,0.235,741.66,177.84,0.235,350.99,15.96
0.236,762.68,198.27,0.236,1084.5,-377.96,0.236,757.05,189.46,0.236,232.17,16.44,0.236,743.72,178.28,0.236,359.59,15.35
0.237,764.16,198.18,0.237,1082.2,-379.92,0.237,758.35,189.37,0.237,238.33,15.35,0.237,745.29,178.5,0.237,365.87,15.05
0.238,765.76,198.27,0.238,1079.71,-380.61,0.238,758.45,189.28,0.238,243.86,14.92,0.238,747.38,179.16,0.238,375.13,13.83
0.239,767.83,198.48,0.239,1080.16,-381.05,0.239,762.75,189.63,0.239,249.53,13.83,0.239,748.64,179.6,0.239,381.91,12.83
0.24,769.62,199.01,0.24,1078.45,-382.09,0.24,765.59,190.25,0.24,255.25,12.92,0.24,749.33,179.73,0.24,389.2,11.74
0.241,771.74,199.32,0.241,1078.38,-384.05,0.241,767.46,190.07,0.241,262.18,12.31,0.241,751.2,180.08,0.241,393.26,10.74
0.242,773.89,199.19,0.242,1078.13,-384.79,0.242,768.54,190.07,0.242,267.97,10.66,0.242,752.52,180.95,0.242,403.51,9.26
0.243,775.19,199.54,0.243,1078.82,-385.83,0.243,770.71,190.2,0.243,276.9,9.96,0.243,753.87,181.35,0.243,412.13,7.48
0.244,776.87,199.36,0.244,1078.94,-386.7,0.244,773.11,190.51,0.244,284.29,8.22,0.244,755.44,181.83,0.244,421.52,5.83
0.245,778.41,199.93,0.245,1078.34,-387.44,0.245,775.12,190.6,0.245,292.68,7.39,0.245,756.29,181.83,0.245,428.28,3.52
0.246,780.32,199.8,0.246,1078.47,-387.57,0.246,776.3,190.95,0.246,302.6,6.13,0.246,758.08,182.05,0.246,436.98,0.65
0.247,782.05,200.24,0.247,1079.57,-387.57,0.247,777.43,190.73,0.247,311.43,5.52,0.247,759.54,182.84,0.247,446.79,0.65
0.248,783.62,200.24,0.248,1080.06,-387.53,0.248,778.67,190.6,0.248,322.75,4.91,0.248,760.72,183.19,0.248,457.07,0.39
0.249,785.39,200.46,0.249,1078.54,-387.44,0.249,780.93,190.86,0.249,329.95,4.39,0.249,761.98,183.41,0.249,467.42,0.65
0.25,787.32,200.76,0.25,1078.43,-386.75,0.25,782.88,190.9,0.25,337.44,3.61,0.25,763.47,183.63,0.25,475.74,0.83
0.251,788.34,200.59,0.251,1077.91,-386.7,0.251,785.22,191.12,0.251,348.05,2.7,0.251,764.71,183.98,0.251,488.33,0.61
0.252,790.85,200.59,0.252,1079.35,-386.4,0.252,785.86,190.95,0.252,355.87,1.96,0.252,765.84,184.5,0.252,498.84,0.7
0.253,792.14,200.98,0.253,1080.27,-386.09,0.253,788.31,190.95,0.253,367.05,1.52,0.253,767.13,184.77,0.253,511.09,0.7
0.254,794.54,201.11,0.254,1081.27,-386.18,0.254,790.08,191.39,0.254,377.09,0.61,0.254,768.62,184.99,0.254,518.73,0.7
0.255,795.42,201.2,0.255,1082.61,-385.88,0.255,791.92,191.65,0.255,387.23,0.43,0.255,770.43,185.6,0.255,531.06,0.91
0.256,796.97,201.38,0.256,1084.17,-385.57,0.256,793.6,191.3,0.256,396.2,0.74,0.256,771.34,185.86,0.256,541.23,-3.87
0.257,798.37,201.29,0.257,1084.51,-385.7,0.257,794.89,191.34,0.257,403.96,0.43,0.257,772.99,186.17,0.257,554.2,-52.15
0.258,800.38,201.38,0.258,1085.97,-385.66,0.258,797.04,191.47,0.258,412.63,0.74,0.258,774.91,186.39,0.258,561.63,-102.38
0.259,801.9,201.51,0.259,1087.44,-385.7,0.259,798.67,191.65,0.259,423.42,0.52,0.259,775.9,186.52,0.259,580.41,-101.73
0.26,803.33,201.82,0.26,1090.13,-386.14,0.26,800.34,191.6,0.26,432.46,0.61,0.26,778.08,186.96,0.26,596.46,-95.34
0.261,804.6,201.9,0.261,1092.98,-386.22,0.261,802.38,191.74,0.261,446.4,0.43,0.261,778.9,187.13,0.261,603.27,-103.56
0.262,806.03,201.73,0.262,1094.31,-386.79,0.262,803.76,191.74,0.262,457.37,0.39,0.262,780.75,187.44,0.262,613.84,-100.82
0.263,808.21,201.9,0.263,1095.89,-387.05,0.263,805.38,191.87,0.263,470.36,0.35,0.263,781.66,187.88,0.263,622.77,-100.34
0.264,809.04,201.99,0.264,1095.34,-387.57,0.264,807.12,192,0.264,482.57,0.35,0.264,782.73,187.75,0.264,644.23,-101.38
0.265,810.69,202.17,0.265,1098.18,-388.1,0.265,808.99,192,0.265,493,0.74,0.265,784.24,188.32,0.265,664.23,-100.95
0.266,811.22,202.12,0.266,1101.31,-388.14,0.266,810.53,192.26,0.266,505.27,0.7,0.266,785.15,188.49,0.266,683.45,-102.43
0.267,813.23,202.17,0.267,1104.58,-388.44,0.267,811.58,192.17,0.267,517.04,0.7,0.267,787.02,188.67,0.267,695.1,-105.91
0.268,814.28,202.47,0.268,1106.98,-388.92,0.268,814.09,192.35,0.268,528.62,-33.19,0.268,788.48,188.89,0.268,710.53,-113.34
0.269,815.49,202.12,0.269,1109.65,-390.01,0.269,815.3,192.31,0.269,543.46,-73.94,0.269,789.28,189.06,0.269,722.43,-122.74
0.27,816.48,202.43,0.27,1109.26,-390.44,0.27,817.03,192.44,0.27,555.9,-88.9,0.27,790.38,189.37,0.27,738.82,-129.96
0.271,817.23,202.43,0.271,1110,-392.01,0.271,818.44,192.48,0.271,571.91,-80.29,0.271,791.67,189.85,0.271,751.69,-138.88
0.272,818.91,202.69,0.272,1109.52,-392.44,0.272,820.2,192.39,0.272,583.83,-85.55,0.272,793.41,189.72,0.272,770.88,-152.53
0.273,820.07,202.52,0.273,1111.07,-393.14,0.273,821.77,192.7,0.273,590.56,-89.21,0.273,793.93,190.07,0.273,785.14,-165.23
0.274,822.02,202.47,0.274,1112.7,-393.14,0.274,823.31,192.83,0.274,601.64,-87.38,0.274,795.91,190.07,0.274,801.26,-174.11
0.275,823.76,202.91,0.275,1112.46,-393.4,0.275,824.5,192.7,0.275,615.25,-88.34,0.275,797.12,190.64,0.275,812.71,-182.33
0.276,826.04,202.74,0.276,1115.5,-393.49,0.276,826.29,192.88,0.276,638.18,-87.81,0.276,798.44,190.46,0.276,826.17,-192.37
0.277,827.59,202.82,0.277,1117.96,-394.01,0.277,827.45,192.88,0.277,658.01,-87.64,0.277,800.01,191.25,0.277,848.82,-200.03
0.278,829.18,202.6,0.278,1119.47,-393.4,0.278,828.88,192.92,0.278,673.58,-89.29,0.278,801.94,191.17,0.278,866.45,-207.55
0.279,830.43,203.09,0.279,1121.06,-393.44,0.279,830.39,192.96,0.279,685.29,-91.99,0.279,802.6,191.39,0.279,887.66,-212.9
0.28,831.61,202.91,0.28,1120.24,-393.27,0.28,831.99,193.4,0.28,699.46,-95.69,0.28,804.47,191.69,0.28,901.79,-218.77
0.281,833.7,203.22,0.281,1120.36,-392.66,0.281,833.12,193.31,0.281,711.5,-104.17,0.281,805.76,191.95,0.281,924.21,-228.3
0.282,834.97,203.52,0.282,1118.47,-391.49,0.282,834.28,193.27,0.282,726.98,-112.52,0.282,808.07,192,0.282,940.06,-238.22
0.283,835.88,203.26,0.283,1116.52,-390.18,0.283,835.87,193.4,0.283,741.48,-126.18,0.283,807.99,192.13,0.283,960.47,-244
0.284,837.09,203.26,0.284,1116.01,-388.44,0.284,837.33,193.44,0.284,758.78,-135.05,0.284,809.7,192.26,0.284,974.01,-250.79
0.285,838.33,203.35,0.285,1112.5,-385.7,0.285,838.43,193.44,0.285,769.62,-146.44,0.285,810.38,192.44,0.285,990.02,-261.4
0.286,839.68,203.57,0.286,1112.4,-383.22,0.286,839.76,193.49,0.286,780.99,-153.49,0.286,812.03,192.83,0.286,1010.33,-270.18
0.287,840.2,203.61,0.287,1110.42,-379.27,0.287,840.23,193.4,0.287,791.32,-162.41,0.287,812.94,192.79,0.287,1025.66,-278.97
0.288,841.14,203.39,0.288,1109.72,-375.66,0.288,841.66,193.4,0.288,804.84,-167.67,0.288,814.59,192.88,0.288,1039.17,-284.45
0.289,842.3,203.57,0.289,1108.57,-372.65,0.289,842.32,193.62,0.289,818.22,-175.63,0.289,815.17,193.01,0.289,1057.52,-289.89
0.29,843.09,203.79,0.29,1106.85,-368.44,0.29,843.37,193.62,0.29,838.62,-181.2,0.29,816.88,193.27,0.29,1075.51,-297.67
0.291,843.95,203.66,0.291,1101.96,-365.3,0.291,844.3,193.49,0.291,856.7,-186.59,0.291,817.87,193.36,0.291,1090.15,-305.8
0.292,845.08,203.61,0.292,1097.96,-360.52,0.292,845.65,193.4,0.292,871.38,-194.98,0.292,818.59,193.44,0.292,1101.47,-311.02
0.293,846.18,203.83,0.293,1090.12,-357.61,0.293,846.67,193.58,0.293,886.34,-200.59,0.293,819.82,193.53,0.293,1108.34,-316.2
0.294,846.87,203.88,0.294,1085.93,-352.65,0.294,847.33,193.75,0.294,900.71,-208.12,0.294,821.56,193.44,0.294,1122.18,-324.07
0.295,848,203.66,0.295,1081.32,-349.04,0.295,848.18,193.66,0.295,913.97,-213.51,0.295,821.89,193.62,0.295,1132.94,-331.38
0.296,848.9,203.57,0.296,1078.29,-342.91,0.296,848.74,193.53,0.296,927.85,-222.12,0.296,823.1,193.84,0.296,1143.23,-336.03
0.297,850.52,203.22,0.297,1072.13,-338.69,0.297,849.56,193.66,0.297,943.11,-228.3,0.297,824.47,194.01,0.297,1150.47,-341.03
0.298,851.05,203.61,0.298,1067.88,-333.16,0.298,850.97,193.53,0.298,956.52,-237.22,0.298,825.24,193.84,0.298,1156.84,-346.65
0.299,852.4,203.7,0.299,1061.55,-329.51,0.299,851.3,193.4,0.299,971.56,-243.65,0.299,826.54,194.23,0.299,1164.47,-350.86
0.3,853.25,203.44,0.3,1054.04,-325.42,0.3,852.6,193.53,0.3,981.81,-252.26,0.3,827.83,194.67,0.3,1168.08,-353.78
0.301,853.97,203.61,0.301,1048.71,-320.03,0.301,853.2,193.8,0.301,995.02,-257.92,0.301,828.46,194.41,0.301,1171.35,-356.48
0.302,854.8,203.66,0.302,1042.38,-314.85,0.302,854.28,193.66,0.302,1006.58,-265.88,0.302,829.26,194.76,0.302,1173.55,-359.95
0.303,855.59,203.88,0.303,1036.66,-311.29,0.303,854.91,193.58,0.303,1020.79,-270.49,0.303,830.09,194.63,0.303,1176.94,-362.48
0.304,855.98,203.79,0.304,1031.7,-305.11,0.304,855.96,193.49,0.304,1032.75,-277.88,0.304,831.24,194.67,0.304,1177.52,-364.74
0.305,856.25,203.57,0.305,1024.15,-300.5,0.305,856.05,193.58,0.305,1045.07,-283.54,0.305,831.79,194.85,0.305,1178.1,-365.78
0.306,857.41,203.52,0.306,1017.91,-294.11,0.306,856.43,193.75,0.306,1054.97,-291.1,0.306,832.81,194.89,0.306,1177.24,-366.7
0.307,857.58,203.52,0.307,1010.25,-289.02,0.307,857.01,193.75,0.307,1066.21,-295.45,0.307,833.99,194.89,0.307,1175.47,-368.04
0.308,858.68,203.48,0.308,1004.48,-283.54,0.308,857.56,193.49,0.308,1076.32,-302.19,0.308,834.79,195.29,0.308,1173.38,-368.74
0.309,859.14,203.57,0.309,1000.15,-275.58,0.309,857.59,193.97,0.309,1088.45,-306.46,0.309,835.84,195.02,0.309,1171.28,-369.31
0.31,859.36,203.7,0.31,994.21,-269.97,0.31,858.23,193.75,0.31,1097.65,-310.68,0.31,836.56,195.15,0.31,1169.22,-369.91
0.311,859.94,203.52,0.311,988.62,-263.27,0.311,858.53,193.49,0.311,1106.7,-317.2,0.311,837.46,195.24,0.311,1164.7,-370.18
0.312,860.91,203.74,0.312,984.43,-256.74,0.312,859.55,194.1,0.312,1111.79,-322.51,0.312,837.93,195.24,0.312,1160.83,-370.35
0.313,861.04,203.52,0.313,978.95,-251.39,0.313,859.66,193.8,0.313,1117.36,-325.59,0.313,838.95,195.68,0.313,1155.99,-370.57
0.314,861.57,203.44,0.314,973.19,-244.52,0.314,860.29,193.4,0.314,1121.48,-328.64,0.314,840.02,195.64,0.314,1153.34,-370.78
0.315,862.01,203.31,0.315,966.48,-240.17,0.315,861.34,193.8,0.315,1126.38,-331.6,0.315,840.76,195.46,0.315,1149.66,-370.78
0.316,862.2,203.31,0.316,961.49,-234.04,0.316,861.53,193.58,0.316,1131.5,-333.51,0.316,842.33,195.81,0.316,1146.92,-370.83
0.317,863.11,203.48,0.317,953.67,-228.73,0.317,861.97,193.4,0.317,1135.33,-335.34,0.317,843.35,195.72,0.317,1142.14,-371.74
0.318,862.84,203.44,0.318,947.19,-222.43,0.318,862.34,193.53,0.318,1138.43,-336.29,0.318,844.17,195.94,0.318,1138.58,-372.18
0.319,863.94,203.31,0.319,942.06,-216.9,0.319,862.64,193.44,0.319,1140.34,-337.56,0.319,845.3,196.07,0.319,1131.85,-373
0.32,863.94,203.09,0.32,936.03,-213.47,0.32,862.36,193.66,0.32,1142.08,-338.08,0.32,845.41,196.21,0.32,1129.09,-374.79
0.321,864.9,203.04,0.321,934.78,-206.29,0.321,861.84,193.49,0.321,1142.62,-338.43,0.321,847.15,196.25,0.321,1123.53,-376.22
0.322,865.29,203.17,0.322,929.59,-203.51,0.322,862.56,193.44,0.322,1142,-338.77,0.322,847.4,196.25,0.322,1116.06,-378.61
0.323,865.04,203.09,0.323,918.39,-205.12,0.323,862.61,193.53,0.323,1141.4,-339.34,0.323,848.17,196.25,0.323,1108.42,-380.4
0.324,865.84,203.09,0.324,900.99,-201.99,0.324,863.08,193.31,0.324,1141.95,-339.82,0.324,849.18,196.12,0.324,1100.45,-381.92
0.325,866.06,202.96,0.325,891.12,-200.9,0.325,863.47,193.49,0.325,1140.29,-339.99,0.325,849.71,196.29,0.325,1096.27,-381.7
0.326,866.91,202.78,0.326,893.6,-198.81,0.326,863.11,193.53,0.326,1140.13,-339.95,0.326,850.23,196.25,0.326,1095.79,-381.27
0.327,865.95,202.96,0.327,895.43,-200.11,0.327,864.07,193.27,0.327,1138.96,-340.73,0.327,850.81,196.29,0.327,1094.25,-380.48
0.328,866.31,203.09,0.328,888.8,-199.51,0.328,864.32,193.4,0.328,1137.39,-340.51,0.328,851.94,196.47,0.328,1090.91,-378.87
0.329,866.04,203,0.329,876.19,-198.46,0.329,864.24,193.14,0.329,1137.24,-340.56,0.329,852.13,196.6,0.329,1083.4,-377.18
0.33,866.29,203.13,0.33,855.31,-197.72,0.33,864.37,193.05,0.33,1135.38,-340.69,0.33,852.85,196.82,0.33,1075.53,-376.57
0.331,866.18,202.87,0.331,847.96,-194.72,0.331,865.47,193.14,0.331,1133.39,-340.6,0.331,853.59,196.6,0.331,1071.12,-376.53
0.332,866.51,202.96,0.332,840.92,-193.76,0.332,865.78,193.18,0.332,1130.69,-340.38,0.332,854.33,196.56,0.332,1067.5,-376.7
0.333,867.14,202.78,0.333,836.4,-192.16,0.333,865.7,193.09,0.333,1129.21,-340.77,0.333,854.66,196.73,0.333,1063.18,-377.13
0.334,866.57,202.82,0.334,826.18,-191.24,0.334,865.73,192.79,0.334,1125.65,-340.51,0.334,854.99,196.69,0.334,1059.1,-377.13
0.335,867.03,202.69,0.335,813.12,-190.07,0.335,865.73,193.4,0.335,1123.46,-340.69,0.335,856.23,196.51,0.335,1055.2,-376.61
0.336,867.31,202.69,0.336,801.48,-189.37,0.336,865.81,193.36,0.336,1119.13,-341.03,0.336,856.51,196.95,0.336,1050.8,-376.4
0.337,867.89,202.82,0.337,790.2,-188.15,0.337,866.06,192.83,0.337,1116.61,-341.21,0.337,856.67,196.56,0.337,1047.27,-375.61
0.338,868.3,202.78,0.338,782.1,-186.72,0.338,866.09,192.61,0.338,1112.76,-341.47,0.338,856.98,196.95,0.338,1043.33,-374.66
0.339,869.26,202.52,0.339,774.39,-185.72,0.339,865.7,192.92,0.339,1109.79,-341.95,0.339,857.45,196.56,0.339,1040.23,-374.18
0.34,869.84,202.74,0.34,761.83,-184.59,0.34,866.89,192.7,0.34,1105.38,-342.34,0.34,858.08,196.64,0.34,1037.95,-374.35
0.341,870.23,202.6,0.341,750.75,-182.8,0.341,867.11,192.88,0.341,1102.53,-342.82,0.341,858.13,196.69,0.341,1035.43,-373.83
0.342,870.17,202.52,0.342,737.07,-181.59,0.342,867.47,192.66,0.342,1098.75,-343.12,0.342,858.63,196.64,0.342,1030.4,-373.44
0.343,870.86,202.39,0.343,726.27,-179.85,0.343,867.96,192.7,0.343,1096.29,-343.82,0.343,858.82,196.86,0.343,1027.85,-373.13
0.344,871.05,202.34,0.344,717.84,-179.02,0.344,868.73,192.7,0.344,1093.28,-344.04,0.344,859.37,196.78,0.344,1025.32,-373.31
0.345,871.08,202.52,0.345,705.63,-176.93,0.345,869.86,192.35,0.345,1090.91,-344.47,0.345,859.62,196.99,0.345,1021.05,-372.57
0.346,871.27,202.17,0.346,694.1,-176.02,0.346,870.5,192.39,0.346,1087.29,-344.73,0.346,860.17,196.91,0.346,1018.61,-372.39
0.347,870.7,202.52,0.347,681.88,-174.63,0.347,870.99,192.31,0.347,1084.05,-345.3,0.347,860.23,196.86,0.347,1015.1,-372.22
0.348,870.89,202.43,0.348,669.62,-173.58,0.348,871.13,192.39,0.348,1080.44,-345.38,0.348,860.78,196.95,0.348,1011.67,-372.13
0.349,870.37,202.17,0.349,661.08,-172.02,0.349,871.79,192.44,0.349,1078.41,-345.38,0.349,860.73,196.78,0.349,1009.54,-372.35
0.35,870.35,202.39,0.35,651.15,-170.97,0.35,871.79,192.22,0.35,1074.38,-345.43,0.35,860.73,196.82,0.35,1004.97,-372.26
0.351,869.99,202.17,0.351,642.22,-168.76,0.351,871.54,192.22,0.351,1071.91,-345.6,0.351,861.5,196.91,0.351,1000.97,-372.35
0.352,870.26,202.12,0.352,630.09,-167.49,0.352,871.65,192.09,0.352,1067.81,-345.78,0.352,861.42,196.64,0.352,998.41,-372.22
0.353,870.1,202.17,0.353,621.2,-166.1,0.353,871.79,192.26,0.353,1064.35,-346.08,0.353,861.5,196.64,0.353,995.63,-372.18
0.354,870.18,202.43,0.354,611.72,-164.8,0.354,871.85,192.31,0.354,1063.29,-346.12,0.354,861.89,196.43,0.354,993.87,-372.18
0.355,870.13,202.25,0.355,602.74,-163.1,0.355,872.54,192,0.355,1061.2,-345.82,0.355,862.66,196.38,0.355,990.29,-372.44
0.356,870.16,202.12,0.356,593.47,-161.84,0.356,872.76,192.04,0.356,1057.82,-345.65,0.356,862.52,196.64,0.356,988.55,-373.18
0.357,870.32,202.47,0.357,585.06,-159.8,0.357,872.73,191.56,0.357,1055.26,-345.78,0.357,862.6,196.6,0.357,986.24,-373.48
0.358,870.65,201.9,0.358,574.59,-158.58,0.358,873.28,192.17,0.358,1053.63,-346.6,0.358,862.49,196.69,0.358,982.15,-373.7
0.359,870.24,202.03,0.359,564.69,-157.36,0.359,873.47,191.69,0.359,1053.68,-346.47,0.359,862.47,196.29,0.359,978.52,-374.48
0.36,870.3,202.12,0.36,556.89,-153.97,0.36,873.69,191.69,0.36,1050.53,-346.08,0.36,862.66,196.6,0.36,976.23,-375.05
0.361,870.49,202.21,0.361,547.81,-152.36,0.361,873.61,191.87,0.361,1050.06,-345.91,0.361,863.16,197.04,0.361,974.5,-375.35
0.362,870.61,202.03,0.362,541.29,-149.4,0.362,873.56,191.82,0.362,1048.58,-345.38,0.362,863.3,196.64,0.362,972.16,-376.09
0.363,870.03,202.08,0.363,532.88,-147.27,0.363,873.91,191.69,0.363,1046.56,-345.38,0.363,863.55,196.51,0.363,971.56,-376.79
0.364,870.41,202.03,0.364,525.17,-143.49,0.364,873.47,191.65,0.364,1045.89,-345.17,0.364,863.49,196.43,0.364,971.09,-376.87
0.365,870.49,201.95,0.365,516.44,-141.18,0.365,873.42,191.82,0.365,1043.23,-345.43,0.365,863.3,196.16,0.365,971.21,-377.44
0.366,870.33,201.64,0.366,510.59,-138.09,0.366,873.67,192,0.366,1041.84,-345.12,0.366,863.36,196.47,0.366,972.76,-377.53
0.367,869.51,201.51,0.367,503.61,-135.96,0.367,873.53,191.56,0.367,1040.81,-345.51,0.367,863.49,196.51,0.367,970.11,-377.66
0.368,869.67,201.73,0.368,497.74,-132.96,0.368,873.15,192.04,0.368,1038.42,-345.43,0.368,863.6,196.43,0.368,970.57,-378.61
0.369,868.9,201.64,0.369,490.22,-130.52,0.369,873.31,191.65,0.369,1037.6,-344.73,0.369,863.55,196.12,0.369,971.27,-379.48
0.37,868.79,201.33,0.37,485.33,-128,0.37,873.2,191.65,0.37,1035.54,-344.43,0.37,863.83,196.6,0.37,971.62,-381.83
0.371,867.78,201.55,0.371,479.05,-126.05,0.371,872.93,191.65,0.371,1035.08,-344.25,0.371,863.69,196.21,0.371,970.66,-383.75
0.372,867.97,201.6,0.372,472.48,-124.35,0.372,872.98,191.6,0.372,1034.41,-343.86,0.372,864.1,196.38,0.372,971.42,-386.88
0.373,867.15,201.11,0.373,466.62,-120.65,0.373,872.57,191.65,0.373,1033.4,-343.51,0.373,864.05,196.64,0.373,973.13,-388.62
0.374,866.82,201.16,0.374,461.88,-118.96,0.374,872.63,191.65,0.374,1032.39,-343.38,0.374,864.24,196.16,0.374,974.54,-388.83
0.375,866.73,200.98,0.375,456.91,-116.04,0.375,872.38,191.47,0.375,1031.77,-342.73,0.375,864.25,196.12,0.375,975.64,-388.83
0.376,866.02,201.11,0.376,451.48,-113.3,0.376,872.68,191.39,0.376,1028.91,-342.64,0.376,864.44,196.29,0.376,978.08,-388.4
0.377,865.36,201.11,0.377,448.1,-112.34,0.377,872.3,191.39,0.377,1027.4,-342.86,0.377,864.55,196.38,0.377,980.78,-388.05
0.378,865.17,200.94,0.378,446.69,-110.47,0.378,872.35,191.52,0.378,1025.35,-343.51,0.378,864.66,196.16,0.378,984.05,-387.79
0.379,864.73,200.98,0.379,445.29,-108.95,0.379,872.55,191.52,0.379,1024.59,-344.64,0.379,864.96,196.51,0.379,986.91,-387.14
0.38,864.7,200.94,0.38,443.73,-106.95,0.38,872.08,191.34,0.38,1025.77,-347.43,0.38,865.13,196.56,0.38,990.12,-386.09
0.381,864.1,200.94,0.381,439.87,-105.91,0.381,871.78,191.65,0.381,1025.94,-349.82,0.381,865.16,196.56,0.381,990.54,-384.7
0.382,863.49,200.59,0.382,438.32,-104.52,0.382,871.86,191.6,0.382,1026.79,-352.21,0.382,865.27,196.38,0.382,993.92,-382.53
0.383,863.33,200.37,0.383,439.29,-103.3,0.383,871.28,191.34,0.383,1025.44,-353.13,0.383,865.74,196.56,0.383,997.14,-381.48
0.384,862.86,200.59,0.384,439.59,-102.34,0.384,871.15,191.3,0.384,1025.41,-352.73,0.384,865.41,196.73,0.384,999.38,-380.83
0.385,862.34,200.41,0.385,439.29,-100.86,0.385,871.03,190.99,0.385,1027.26,-352.87,0.385,865.99,196.6,0.385,1003.76,-380.57
0.386,861.93,200.19,0.386,439.72,-99.95,0.386,870.79,191.17,0.386,1029.52,-352.6,0.386,865.79,196.56,0.386,1005.2,-381.05
0.387,861.35,200.28,0.387,443.38,-98.95,0.387,871.17,191.17,0.387,1031.84,-352.21,0.387,865.6,196.69,0.387,1008.45,-381.48
0.388,861.18,200.15,0.388,446.75,-98.12,0.388,870.13,191.08,0.388,1033.13,-351.65,0.388,866.07,196.56,0.388,1014.69,-380.44
0.389,860.53,200.15,0.389,451.52,-97.56,0.389,871.01,191.17,0.389,1035.6,-351.21,0.389,865.96,196.73,0.389,1018.15,-375.74
0.39,859.87,200.06,0.39,456.66,-96.51,0.39,870.13,191.08,0.39,1036.75,-350.52,0.39,866.73,196.78,0.39,1019.82,-370.74
0.391,859.45,199.84,0.391,460.82,-96.16,0.391,870.1,190.95,0.391,1036.51,-350.3,0.391,866.6,196.86,0.391,1021.3,-364.22
0.392,858.99,199.97,0.392,466.3,-94.86,0.392,870.15,190.82,0.392,1038.42,-349.17,0.392,867.06,196.82,0.392,1024.9,-360.43
0.393,858.47,199.54,0.393,470.33,-93.38,0.393,870.1,190.95,0.393,1041.05,-348.78,0.393,867.12,196.99,0.393,1026.27,-355.39
0.394,857.86,199.76,0.394,475.79,-91.21,0.394,869.74,190.82,0.394,1044.05,-348.78,0.394,867.95,196.91,0.394,1024.63,-353.04
0.395,857.58,199.8,0.395,482.39,-89.55,0.395,869.66,190.86,0.395,1045.85,-349.34,0.395,867.95,196.82,0.395,1028.38,-349.08
0.396,857.64,199.58,0.396,488.14,-87.94,0.396,869.58,190.95,0.396,1049,-350.65,0.396,868.36,196.91,0.396,1029.15,-346.99
0.397,856.54,199.27,0.397,493.87,-86.68,0.397,869.69,190.95,0.397,1050.16,-351.34,0.397,869.08,197.3,0.397,1029.08,-345.34
0.398,856.98,199.36,0.398,501.32,-86.16,0.398,869.61,190.95,0.398,1054.03,-352.34,0.398,869.43,197.17,0.398,1028.37,-342.25
0.399,856.54,199.27,0.399,507.04,-85.29,0.399,869.08,190.95,0.399,1056.32,-352.21,0.399,869.6,197.26,0.399,1023.75,-338.69
0.4,856.08,199.1,0.4,512.82,-85.55,0.4,869.5,190.64,0.4,1060.29,-350.73,0.4,870.18,197.43,0.4,1020.01,-336.6
0.401,856.21,199.23,0.401,518.67,-86.38,0.401,868.84,190.68,0.401,1063.75,-349.26,0.401,870.37,197.17,0.401,1017.32,-333.51
0.402,856.27,199.05,0.402,525.45,-87.42,0.402,869.03,190.82,0.402,1067.79,-347.04,0.402,870.9,197.26,0.402,1014.07,-331.12
0.403,855.39,198.84,0.403,530.08,-88.34,0.403,868.86,190.9,0.403,1071.52,-345.38,0.403,871.8,197.3,0.403,1011.27,-329.25
0.404,854.67,198.66,0.404,535.18,-89.73,0.404,869.19,190.6,0.404,1075.44,-343.25,0.404,872.02,197.61,0.404,1008.41,-327.64
0.405,854.51,198.48,0.405,539,-90.68,0.405,869.09,190.6,0.405,1078.75,-341.86,0.405,872.71,196.99,0.405,1005.32,-325.03
0.406,854.51,198.57,0.406,545,-91.68,0.406,869.03,190.55,0.406,1083.01,-339.38,0.406,872.58,197.83,0.406,999.34,-322.68
0.407,853.58,198.84,0.407,550.23,-93.03,0.407,869.14,190.64,0.407,1084.66,-336.64,0.407,872.96,197.26,0.407,993.75,-320.38
0.408,853.74,198.66,0.408,555.87,-94.16,0.408,869.55,190.77,0.408,1087.39,-331.6,0.408,873.21,197.61,0.408,986.4,-318.55
0.409,853.58,198.62,0.409,561.48,-95.03,0.409,869.42,190.68,0.409,1088.66,-327.6,0.409,873.54,197.61,0.409,979.18,-316.94
0.41,853.36,198.35,0.41,569.12,-96.51,0.41,869.22,190.6,0.41,1089.26,-325.07,0.41,873.68,197.65,0.41,972.57,-313.89
0.411,852.92,198.31,0.411,575.52,-98.3,0.411,869.52,190.82,0.411,1088.15,-321.25,0.411,873.82,197.78,0.411,965.19,-311.55
0.412,852.59,198.44,0.412,582.95,-99.77,0.412,869.08,190.82,0.412,1088.16,-317.24,0.412,874.12,197.96,0.412,957.33,-309.37
0.413,852.31,198.35,0.413,589.37,-101.12,0.413,868.97,190.42,0.413,1084.86,-315.03,0.413,874.18,197.78,0.413,951.16,-307.11
0.414,852.34,198.09,0.414,597.52,-102.3,0.414,869.47,190.55,0.414,1084.82,-312.98,0.414,874.1,198,0.414,944.08,-303.46
0.415,852.18,198.09,0.415,603.97,-104.34,0.415,869.14,190.6,0.415,1084.65,-309.72,0.415,874.59,197.92,0.415,934.9,-299.98
0.416,851.46,197.96,0.416,610.94,-105.65,0.416,869.19,190.38,0.416,1082.26,-307.54,0.416,874.76,198,0.416,926.91,-297.54
0.417,851.87,197.96,0.417,617.52,-106.69,0.417,869.22,190.33,0.417,1079.8,-304.02,0.417,874.95,197.96,0.417,922.2,-294.5
0.418,851.54,197.92,0.418,626.13,-109,0.418,869.36,190.55,0.418,1075.58,-301.89,0.418,874.63,198,0.418,915.54,-289.45
0.419,851.24,198,0.419,633.09,-110.82,0.419,869.06,190.64,0.419,1072.84,-298.54,0.419,874.76,198.13,0.419,907.51,-286.58
0.42,850.88,197.61,0.42,639.78,-112.87,0.42,869.17,190.42,0.42,1069.01,-296.11,0.42,874.46,198.27,0.42,898.04,-281.75
0.421,850.86,197.65,0.421,647.68,-114.39,0.421,869.17,190.68,0.421,1062.22,-294.15,0.421,874.3,198.22,0.421,890.37,-276.79
0.422,850.61,197.65,0.422,653.54,-116.52,0.422,869.41,190.46,0.422,1055.54,-291.71,0.422,874.9,198.4,0.422,885.12,-273.4
0.423,850.72,197.26,0.423,659.68,-118.17,0.423,869.63,190.77,0.423,1045.71,-289.93,0.423,874.63,198.31,0.423,879.42,-270.36
0.424,850.97,197.35,0.424,665.81,-120.78,0.424,869.8,190.42,0.424,1038.26,-287.75,0.424,874.47,198.18,0.424,872.54,-263.75
0.425,850.8,196.99,0.425,671.43,-122.74,0.425,869.52,190.73,0.425,1030.46,-286.36,0.425,875.26,198.35,0.425,865.15,-260.05
0.426,850.59,196.91,0.426,676.12,-126,0.426,870.04,190.68,0.426,1023.5,-284.36,0.426,874.91,198.31,0.426,859.17,-256.22
0.427,850.56,196.95,0.427,679.42,-128.31,0.427,869.49,190.68,0.427,1017.06,-281.93,0.427,874.91,198.35,0.427,852.47,-251.7
0.428,850.2,196.82,0.428,683.54,-130.44,0.428,870.24,190.6,0.428,1010.72,-279.84,0.428,874.85,198.57,0.428,844.37,-247.31
0.429,849.82,196.91,0.429,687.42,-131.22,0.429,869.63,190.55,0.429,1002.73,-277.45,0.429,874.74,198.35,0.429,837.64,-242.65
0.43,849.35,196.78,0.43,689.34,-132.26,0.43,869.71,190.6,0.43,996.34,-275.62,0.43,875.1,198.4,0.43,832.68,-239.35
0.431,849.68,196.73,0.431,689.24,-134.27,0.431,870.48,190.95,0.431,988.04,-272.92,0.431,875.43,198.4,0.431,824.08,-236.04
0.432,849.3,196.78,0.432,688.26,-136.18,0.432,869.79,190.82,0.432,979.72,-271.01,0.432,875.19,198.31,0.432,816.51,-231.47
0.433,848.55,196.64,0.433,686.31,-138.92,0.433,870.2,190.68,0.433,972.51,-267.62,0.433,875.66,198.7,0.433,810.37,-226.3
0.434,848.72,196.25,0.434,685.42,-141.7,0.434,870.62,190.64,0.434,964.45,-265.44,0.434,876.1,198.31,0.434,804.46,-221.77
0.435,848.12,196.29,0.435,683.64,-143.05,0.435,870.67,190.82,0.435,957.58,-263.4,0.435,875.93,198.7,0.435,799.47,-219.34
0.436,848.09,196.12,0.436,680.71,-144.01,0.436,870.18,190.9,0.436,951.66,-260.05,0.436,876.15,198.57,0.436,791.99,-216.43
0.437,848.01,196.03,0.437,675.61,-144.31,0.437,869.88,190.46,0.437,943.58,-257.61,0.437,876.07,198.53,0.437,783.01,-213.25
0.438,847.77,195.86,0.438,669.78,-144.01,0.438,870.23,190.9,0.438,936.15,-254.66,0.438,876.05,198.44,0.438,775.56,-210.08
0.439,847.19,196.16,0.439,664.46,-144.49,0.439,870.2,190.64,0.439,929.04,-252.39,0.439,876.02,198.66,0.439,769.32,-206.94
0.44,847.22,195.81,0.44,658.95,-144.01,0.44,870.15,190.95,0.44,922.87,-249.26,0.44,875.94,198.31,0.44,762.63,-204.2
0.441,846.97,195.68,0.441,651.29,-143.53,0.441,869.96,190.9,0.441,913.84,-246.13,0.441,875.55,198.35,0.441,754.32,-198.81
0.442,846.23,195.64,0.442,643.33,-143.49,0.442,869.43,190.95,0.442,907.27,-242,0.442,875.69,198.31,0.442,746.25,-194.9
0.443,845.95,195.72,0.443,634.99,-143.36,0.443,869.35,190.77,0.443,899.34,-239.17,0.443,875.94,198.53,0.443,739.73,-191.46
0.444,845.76,195.37,0.444,628.04,-142.36,0.444,869.16,190.82,0.444,892.22,-234.21,0.444,875.75,198.7,0.444,732.54,-185.59
0.445,845.49,195.81,0.445,618.49,-141.83,0.445,868.88,191.17,0.445,883.46,-230.78,0.445,876,198.53,0.445,722.75,-179.5
0.446,844.83,195.59,0.446,608.79,-141.22,0.446,868.88,190.99,0.446,877.08,-225.17,0.446,875.64,198.7,0.446,712.83,-175.5
0.447,844.86,195.15,0.447,601.45,-140.09,0.447,868.42,191.08,0.447,868.35,-218.25,0.447,875.61,198.31,0.447,706.2,-170.97
0.448,843.98,194.89,0.448,590.39,-138.57,0.448,868.69,191.12,0.448,859.34,-212.73,0.448,875.67,198.48,0.448,697.88,-164.93
0.449,843.79,194.85,0.449,580.53,-137.22,0.449,867.48,191.25,0.449,852.47,-204.33,0.449,875.42,198.62,0.449,691.93,-157.93
0.45,843.4,195.02,0.45,572.06,-135.44,0.45,867.4,191.21,0.45,844.51,-196.16,0.45,875.75,198.48,0.45,683.85,-151.66
0.451,842.47,194.85,0.451,561.71,-134,0.451,867.23,191.47,0.451,835.89,-189.33,0.451,874.98,198.75,0.451,676.28,-148.75
0.452,842.36,195.11,0.452,551.77,-131.26,0.452,867.29,191.17,0.452,829.15,-178.67,0.452,875.23,198.4,0.452,670.38,-146.4
0.453,841.98,194.8,0.453,542.96,-129.92,0.453,866.65,191.3,0.453,819.57,-172.5,0.453,875.07,198.7,0.453,662.62,-143.66
0.454,842.12,194.63,0.454,533.26,-128.18,0.454,866.63,191.39,0.454,810.79,-167.84,0.454,874.44,198.66,0.454,651.62,-141.05
0.455,841.18,194.63,0.455,525.98,-125.61,0.455,866.27,191.6,0.455,801.15,-167.1,0.455,875.01,198.35,0.455,642.33,-139.48
0.456,840.58,194.54,0.456,518.86,-124.13,0.456,866.3,191.34,0.456,793.43,-165.93,0.456,874.82,198.75,0.456,634.88,-137.83
0.457,840.66,194.41,0.457,510.48,-122,0.457,865.66,191.03,0.457,785.2,-162.36,0.457,874.33,198.66,0.457,628.18,-134.87
0.458,839.73,194.54,0.458,502.18,-119.96,0.458,865.69,191.3,0.458,777.97,-159.32,0.458,874.19,198.75,0.458,623,-132.18
0.459,839.65,194.32,0.459,490.61,-117.69,0.459,865.39,191.3,0.459,771.19,-156.88,0.459,874.44,198.66,0.459,618.79,-130.31
0.46,839.18,194.37,0.46,482.01,-115.39,0.46,865.36,191.6,0.46,769.58,-153.32,0.46,874.85,198.57,0.46,611,-129.48
0.461,838.99,194.01,0.461,475.33,-113.74,0.461,864.95,191.25,0.461,757.07,-152.88,0.461,874.14,198.62,0.461,596.32,-130.09
0.462,838.74,194.1,0.462,467.49,-112.39,0.462,864.32,191.34,0.462,743.69,-152.71,0.462,874.74,198.66,0.462,585.44,-129.83
0.463,838.72,194.06,0.463,461.86,-110.65,0.463,864.62,191.39,0.463,725.26,-152.18,0.463,874.47,198.66,0.463,581.27,-129.74
0.464,838.33,194.06,0.464,455.73,-109.52,0.464,864.02,191.52,0.464,722.61,-152.84,0.464,874.3,198.7,0.464,579.3,-129.7
0.465,837.73,193.8,0.465,450.47,-108.13,0.465,863.49,191.39,0.465,721.87,-152.88,0.465,873.76,198.84,0.465,576.09,-128.92
0.466,837.12,193.88,0.466,445.24,-106.43,0.466,863.14,191.47,0.466,718.1,-154.23,0.466,873.37,198.84,0.466,565.13,-127.74
0.467,837.54,193.84,0.467,439.3,-104.69,0.467,863.19,191.65,0.467,703.16,-154.27,0.467,874,198.75,0.467,551.66,-126.35
0.468,836.77,193.71,0.468,434.18,-103.47,0.468,862.56,191.39,0.468,685.55,-154.53,0.468,873.7,198.88,0.468,543.04,-124.78
0.469,836.27,193.8,0.469,430.57,-102.51,0.469,862.17,191.74,0.469,672.86,-154.53,0.469,873.46,198.97,0.469,539.71,-123.22
0.47,836.58,193.71,0.47,426,-101.34,0.47,862.12,191.47,0.47,666.06,-154.84,0.47,873.46,199.01,0.47,534.21,-121.91
0.471,835.86,193.58,0.471,422.42,-100.17,0.471,861.57,191.3,0.471,660.67,-155.1,0.471,873.51,199.19,0.471,529.38,-119.83
0.472,835.67,193.62,0.472,419.13,-99.21,0.472,861.02,191.74,0.472,654.64,-155.1,0.472,873.95,198.92,0.472,520.92,-117.43
0.473,835.45,193.71,0.473,415.87,-98.08,0.473,860.69,191.69,0.473,641.98,-155.14,0.473,873.95,198.75,0.473,513.96,-115.82
0.474,835.37,193.44,0.474,414.59,-97.43,0.474,860.72,191.91,0.474,627.17,-154.75,0.474,873.98,198.88,0.474,505.41,-113.87
0.475,835.18,193.4,0.475,411.78,-96.95,0.475,860.08,191.65,0.475,616.65,-154.97,0.475,873.92,199.1,0.475,499.74,-111.43
0.476,834.74,193.23,0.476,409.89,-96.12,0.476,860.17,191.69,0.476,613.19,-154.27,0.476,874.2,199.19,0.476,495.84,-109.91
0.477,834.44,193.36,0.477,408.02,-95.34,0.477,859.45,191.47,0.477,610.27,-153.53,0.477,874.29,199.19,0.477,493.31,-108.39
0.478,834.3,193.36,0.478,407.49,-94.73,0.478,859.07,191.56,0.478,606.85,-152.66,0.478,874.53,199.05,0.478,489.43,-107.21
0.479,833.97,193.18,0.479,406.45,-94.21,0.479,858.65,191.65,0.479,599.38,-151.01,0.479,874.15,199.01,0.479,482.42,-106.08
0.48,833.76,193.27,0.48,406.33,-93.77,0.48,857.91,191.65,0.48,588.74,-147.31,0.48,874.12,199.19,0.48,475.31,-104.34
0.481,833.4,193.23,0.481,406.52,-93.12,0.481,857.66,191.52,0.481,579.29,-144.09,0.481,874.31,198.92,0.481,468.46,-102.12
0.482,833.56,193.36,0.482,406.86,-92.86,0.482,857.5,191.74,0.482,572.51,-140.27,0.482,874.32,199.1,0.482,464.61,-100.69
0.483,833.26,193.27,0.483,406.6,-92.51,0.483,857.22,191.74,0.483,565.03,-137.66,0.483,874.18,199.05,0.483,460.91,-98.95
0.484,832.52,193.05,0.484,406.96,-92.29,0.484,857.25,191.56,0.484,557.78,-135.66,0.484,874.32,199.1,0.484,458.47,-97.64
0.485,832.27,193.05,0.485,407.37,-91.73,0.485,856.81,191.65,0.485,552.56,-133.13,0.485,874.43,199.32,0.485,455.9,-96.73
0.486,831.31,192.74,0.486,408.28,-91.34,0.486,857,191.87,0.486,548.05,-131.09,0.486,874.51,199.36,0.486,453.9,-95.95
0.487,830.93,193.01,0.487,408.62,-91.64,0.487,856.42,191.87,0.487,543.22,-129.48,0.487,874.1,199.54,0.487,452.09,-95.03
0.488,829.77,192.74,0.488,409.76,-91.34,0.488,856.7,192.17,0.488,538.78,-127.26,0.488,874.87,199.23,0.488,449.42,-94.38
0.489,829.91,192.44,0.489,410.71,-91.25,0.489,856.54,191.95,0.489,533.83,-125.91,0.489,874.35,199.71,0.489,447.35,-94.12
0.49,830.24,192.7,0.49,411.79,-91.21,0.49,856.65,191.69,0.49,529.63,-123.87,0.49,874.59,199.36,0.49,446.96,-94.21
0.491,830.13,192.79,0.491,412.7,-90.9,0.491,856.15,191.82,0.491,524.16,-121.91,0.491,874.21,199.58,0.491,445.82,-93.99
0.492,830.13,192.52,0.492,414.06,-90.82,0.492,856.4,191.91,0.492,518.66,-118.96,0.492,873.99,199.8,0.492,445.73,-93.99
0.493,830.74,192.39,0.493,415.07,-90.86,0.493,856.81,192.17,0.493,513.38,-116.69,0.493,873.64,199.62,0.493,446.21,-94.73
0.494,831.48,192.57,0.494,416.39,-90.9,0.494,856.01,192.13,0.494,507.19,-114.69,0.494,872.48,199.76,0.494,446.56,-94.9
0.495,831.65,192.52,0.495,417.41,-90.82,0.495,855.3,192.17,0.495,501.74,-112.34,0.495,871.44,199.89,0.495,446.83,-95.56
0.496,831.29,192.83,0.496,418.44,-90.77,0.496,855.22,192.17,0.496,497.36,-111.08,0.496,871.49,200.24,0.496,447.87,-96.03
0.497,830.85,192.88,0.497,419.67,-90.73,0.497,854.53,192.35,0.497,494.91,-109.08,0.497,870.86,200.41,0.497,449.55,-96.86
0.498,830.58,192.61,0.498,421.09,-90.95,0.498,854.04,192.22,0.498,492.78,-108.6,0.498,870.25,200.5,0.498,451.52,-97.47
0.499,830.69,192.74,0.499,421.57,-90.6,0.499,853.57,192.17,0.499,491.43,-107.39,0.499,869.57,200.28,0.499,453.22,-97.9
0.5,829.7,192.61,0.5,422.66,-90.99,0.5,853.4,192.61,0.5,490.09,-107.17,0.5,870.03,200.46,0.5,456.22,-99.17
0.501,828.88,192.57,0.501,423.98,-90.55,0.501,853.07,192.39,0.501,487.54,-106.26,0.501,870.25,200.68,0.501,458.72,-99.43
0.502,827.95,192.48,0.502,424.94,-90.51,0.502,853.35,192.61,0.502,485.25,-105.73,0.502,869.92,200.68,0.502,462.56,-100.51
0.503,827.57,192.88,0.503,425.4,-90.73,0.503,853.05,192.57,0.503,483.19,-105.17,0.503,870.17,200.76,0.503,464.65,-100.86
0.504,827.13,192.44,0.504,425.68,-90.73,0.504,852.44,192.52,0.504,481.72,-105.04,0.504,870.42,200.59,0.504,468.41,-101.64
0.505,826.83,192.52,0.505,426.41,-90.55,0.505,852.55,192.61,0.505,480.84,-104.78,0.505,871.16,201.03,0.505,473.7,-102.38
0.506,826.31,192.66,0.506,426.44,-90.51,0.506,852.44,192.39,0.506,481.13,-104.52,0.506,871.35,200.76,0.506,479.25,-103.21
0.507,826.5,192.57,0.507,427.18,-90.42,0.507,852.49,192.57,0.507,481.15,-104.86,0.507,870.58,200.81,0.507,484,-103.73
0.508,826.56,192.35,0.508,427.35,-90.34,0.508,851.86,192.92,0.508,481.44,-104.65,0.508,869.79,200.94,0.508,487.59,-104.69
0.509,826.53,192.66,0.509,427.5,-90.34,0.509,851.34,192.96,0.509,482.09,-104.73,0.509,869.48,201.51,0.509,491.48,-105.56
0.51,826.67,192.66,0.51,426.91,-89.95,0.51,851.47,193.14,0.51,482.87,-105.12,0.51,868.58,201.2,0.51,497.42,-106.3
0.511,826.23,192.52,0.511,426.8,-89.86,0.511,850.46,193.14,0.511,482.83,-105.21,0.511,867.92,201.82,0.511,503.13,-107.47
0.512,825.92,192.7,0.512,426.51,-89.6,0.512,850.54,193.27,0.512,483.67,-105.34,0.512,867.15,201.73,0.512,508.05,-107.47
0.513,826.01,192.31,0.513,425.96,-89.55,0.513,849.96,193.27,0.513,485.85,-105.43,0.513,866.73,201.9,0.513,514.29,-108.6
0.514,825.32,192.61,0.514,425.48,-89.47,0.514,849.38,193.23,0.514,487.9,-105.43,0.514,865.5,202.17,0.514,520.46,-109.17
0.515,824.44,192.35,0.515,424.4,-89.47,0.515,849.08,193.23,0.515,490.46,-105.3,0.515,864.61,202.17,0.515,529.23,-110.34
0.516,823.29,192.44,0.516,423.32,-88.9,0.516,848.97,193.71,0.516,492.1,-105.82,0.516,864.42,202.3,0.516,534.58,-111.17
0.517,822.74,192.17,0.517,422.74,-88.86,0.517,848.64,193.66,0.517,494.06,-105.73,0.517,863.21,202.65,0.517,541.87,-111.91
0.518,822.27,192.44,0.518,421.47,-88.68,0.518,848.78,193.75,0.518,495.23,-106.08,0.518,862.88,202.43,0.518,550.42,-113.21
0.519,821.23,192.61,0.519,419.99,-88.34,0.519,848.25,193.84,0.519,496.49,-106.21,0.519,862.94,202.56,0.519,559.85,-114.56
0.52,820.59,192.44,0.52,418.67,-88.12,0.52,848.22,194.01,0.52,497.38,-106.26,0.52,863.21,202.69,0.52,567.54,-115.87
0.521,820.35,192.66,0.521,416.9,-87.64,0.521,848.06,193.8,0.521,498.58,-106.39,0.521,863.13,203.09,0.521,574.11,-117.17
0.522,819.91,192.17,0.522,415.45,-87.47,0.522,847.75,194.1,0.522,499.3,-106.73,0.522,863.26,203.04,0.522,581.1,-118.74
0.523,819.55,192.39,0.523,413.31,-87.38,0.523,848,194.23,0.523,501.69,-107.21,0.523,862.63,203.22,0.523,590.55,-121.04
0.524,819.63,192.52,0.524,411.43,-87.03,0.524,847.89,194.19,0.524,503,-107.26,0.524,862.44,203.17,0.524,597.43,-124.44
0.525,819.08,192.48,0.525,409.82,-86.42,0.525,848.25,194.41,0.525,504.26,-107.73,0.525,862.3,203.26,0.525,602.48,-127.13
0.526,818.78,192.44,0.526,407.29,-85.99,0.526,847.78,194.41,0.526,506.03,-108,0.526,861.22,203.52,0.526,609.05,-130.09
0.527,818.17,192.17,0.527,405.94,-85.29,0.527,847.67,194.45,0.527,507.89,-108.3,0.527,861.03,203.88,0.527,615.85,-135.92
0.528,817.95,192.31,0.528,404.25,-84.64,0.528,847.94,194.54,0.528,510.2,-108.73,0.528,860.07,203.66,0.528,621.88,-138.96
0.529,817.04,192.22,0.529,402.15,-83.55,0.529,847.61,194.89,0.529,512.94,-109.39,0.529,859.25,203.92,0.529,626.44,-142.4
0.53,816.52,192.17,0.53,400.55,-82.51,0.53,847.8,194.98,0.53,514.95,-110.34,0.53,858.25,204.09,0.53,631.94,-146.84
0.531,816.19,192.09,0.531,398.08,-82.12,0.531,847.64,195.02,0.531,517.67,-111.78,0.531,857.68,204.27,0.531,637.38,-149.71
0.532,815.34,192.35,0.532,396.41,-81.03,0.532,847.99,195.11,0.532,520.46,-113.13,0.532,857.4,204.27,0.532,642.35,-153.58
0.533,815.36,192,0.533,393.4,-80.33,0.533,848.02,195.33,0.533,523.28,-114.82,0.533,857.04,204.62,0.533,645.15,-156.1
0.534,814.7,192.22,0.534,390.94,-79.25,0.534,847.71,195.37,0.534,525.88,-116.35,0.534,856.79,204.84,0.534,648.59,-159.4
0.535,814.32,192.39,0.535,388.75,-78.68,0.535,847.77,195.42,0.535,528.39,-118.09,0.535,856.49,204.58,0.535,652.08,-161.93
0.536,813.74,192.17,0.536,386.32,-78.07,0.536,847.6,195.42,0.536,531.67,-119.65,0.536,856.08,204.97,0.536,654.93,-164.88
0.537,813.57,192.17,0.537,383.78,-77.16,0.537,848.01,195.46,0.537,533.84,-121.52,0.537,855.39,205.37,0.537,657.18,-167.41
0.538,813.43,192.39,0.538,381.41,-76.11,0.538,847.95,195.77,0.538,536.07,-123.3,0.538,855.2,205.32,0.538,658.6,-168.84
0.539,812.42,192.26,0.539,378.51,-75.72,0.539,848.42,195.59,0.539,538.26,-124.87,0.539,855.14,205.15,0.539,659.64,-170.1
0.54,812.19,192.44,0.54,376.23,-74.46,0.54,848.72,195.86,0.54,539.9,-126.44,0.54,854.89,205.32,0.54,660.44,-170.97
0.541,811.92,192.35,0.541,373.5,-73.81,0.541,848.58,195.9,0.541,542.05,-127.74,0.541,854.64,205.41,0.541,660.11,-171.32
0.542,811.78,192.26,0.542,371.46,-72.81,0.542,848.83,196.12,0.542,543.72,-129.65,0.542,854.28,205.41,0.542,659.64,-171.41
0.543,812.06,192.35,0.543,369.57,-72.59,0.543,849.1,195.9,0.543,545.55,-130.87,0.543,854.06,205.67,0.543,658.81,-171.28
0.544,810.87,192.35,0.544,367.06,-72.46,0.544,849.18,196.38,0.544,546.53,-132.13,0.544,853.92,206.33,0.544,657.27,-170.97
0.545,810.98,192.17,0.545,363.23,-71.59,0.545,849.12,196.38,0.545,547.24,-134,0.545,853.43,206.02,0.545,654.29,-170.54
0.546,810.92,192.17,0.546,361.31,-70.85,0.546,849.54,196.21,0.546,548.17,-135.09,0.546,853.86,206.64,0.546,651.53,-170.58
0.547,810.65,192.35,0.547,358.53,-69.11,0.547,849.84,196.78,0.547,548.58,-135.96,0.547,853.04,206.33,0.547,646.99,-169.71
0.548,810.26,192.35,0.548,355.99,-67.37,0.548,849.7,196.51,0.548,548.34,-137.18,0.548,852.51,206.42,0.548,643.93,-167.45
0.549,809.74,192.66,0.549,354.73,-65.81,0.549,850.08,196.43,0.549,548.53,-137.57,0.549,851.91,206.59,0.549,637.88,-162.28
0.55,809.52,192.52,0.55,352.8,-64.94,0.55,850.19,196.47,0.55,548.47,-138.48,0.55,851.44,206.86,0.55,632.86,-158.27
0.551,809.85,192.66,0.551,349.1,-63.89,0.551,850.02,196.78,0.551,547.94,-139.22,0.551,851.05,207.12,0.551,626.81,-155.32
0.552,810.15,192.88,0.552,344.35,-63.63,0.552,850.27,196.86,0.552,547.85,-139.48,0.552,850.61,207.34,0.552,619.02,-156.71
0.553,810.23,192.52,0.553,341.24,-62.89,0.553,850.43,196.82,0.553,547.09,-140.18,0.553,849.01,207.47,0.553,607.95,-156.75
0.554,810.17,192.39,0.554,338.9,-62.5,0.554,850.13,196.91,0.554,546.36,-140.09,0.554,848.65,207.29,0.554,600.98,-154.27
0.555,810.25,192.31,0.555,337.06,-62.07,0.555,850.13,196.91,0.555,545.7,-140.05,0.555,848.41,207.73,0.555,593.81,-151.31
0.556,809.68,192.26,0.556,335.16,-60.98,0.556,850.18,196.91,0.556,544.26,-140.22,0.556,847.85,207.78,0.556,584.89,-148.31
0.557,809.18,192.66,0.557,333.95,-60.41,0.557,850.07,196.99,0.557,543.4,-140.27,0.557,846.94,207.99,0.557,578.03,-143.09
0.558,807.4,193.01,0.558,330.89,-59.54,0.558,850.29,197.3,0.558,541.57,-140.05,0.558,846.5,207.99,0.558,569.58,-138.14
0.559,806.82,192.88,0.559,328.23,-58.5,0.559,850.17,197.35,0.559,539.33,-140.22,0.559,845.98,207.82,0.559,564,-135.27
0.56,807.59,192.96,0.56,324.93,-57.5,0.56,849.51,196.95,0.56,537.68,-140.05,0.56,845.09,208.08,0.56,553.7,-132.35
0.561,807.34,192.7,0.561,323.04,-56.11,0.561,849.35,197.65,0.561,534.76,-139.79,0.561,844.87,208.39,0.561,544.25,-129.35
0.562,808.02,192.44,0.562,321.55,-55.45,0.562,849.43,197.48,0.562,532.77,-139.92,0.562,844.82,208.83,0.562,531.63,-127.31
0.563,808.41,192.39,0.563,319.81,-54.19,0.563,849.48,197.65,0.563,529.47,-139.83,0.563,843.8,208.65,0.563,523.54,-125.96
0.564,807.85,192.52,0.564,318.35,-53.71,0.564,848.96,197.61,0.564,527.28,-140.01,0.564,843.08,208.7,0.564,517.54,-124.35
0.565,807.33,192.61,0.565,316.61,-53.02,0.565,848.98,197.92,0.565,524.4,-140.14,0.565,842.44,208.92,0.565,511.88,-122.52
0.566,806.23,192.83,0.566,314.27,-52.45,0.566,848.51,197.65,0.566,521.69,-139.75,0.566,841.67,209,0.566,501.56,-119.13
0.567,805.49,192.79,0.567,312.18,-51.32,0.567,848.84,197.7,0.567,518.55,-140.27,0.567,840.82,209.35,0.567,492.97,-114.39
0.568,805.36,192.61,0.568,309.31,-50.8,0.568,848.4,198.27,0.568,514.94,-140.53,0.568,840.21,209.4,0.568,486.1,-111.43
0.569,805.11,192.79,0.569,307.13,-50.24,0.569,848.07,198,0.569,511.38,-140.18,0.569,839.52,209.53,0.569,477.2,-108.43
0.57,806.67,192.57,0.57,305.53,-49.54,0.57,848.13,198.31,0.57,509.22,-139.66,0.57,838.23,209.7,0.57,470.43,-105.34
0.571,807.13,192.39,0.571,304.48,-49.19,0.571,847.82,198.22,0.571,507.26,-138.57,0.571,837.42,209.4,0.571,462.79,-102.91
0.572,807.43,192.39,0.572,303.62,-48.5,0.572,846.94,198.05,0.572,503.89,-138.48,0.572,836.52,209.62,0.572,458.03,-101.73
0.573,806.94,192.74,0.573,302.03,-47.8,0.573,846.88,198.18,0.573,499.59,-139.27,0.573,836.16,210.05,0.573,454.49,-100.08
0.574,804.77,192.48,0.574,301.34,-47.36,0.574,846.66,198.4,0.574,494.2,-140.14,0.574,835.25,210.32,0.574,449.61,-99.08
0.575,803.81,192.44,0.575,299.8,-46.97,0.575,846.03,198.27,0.575,488.8,-140.83,0.575,834.42,210.23,0.575,443.64,-97.38
0.576,803.09,192.52,0.576,298.49,-46.32,0.576,845.7,198.35,0.576,484.66,-140.79,0.576,833.13,210.45,0.576,439.02,-95.25
0.577,802.32,192.57,0.577,297.32,-46.15,0.577,844.65,198.31,0.577,481.55,-140.31,0.577,832.68,210.54,0.577,433.12,-93.16
0.578,800.82,192.22,0.578,295.82,-45.19,0.578,844.45,198.27,0.578,479.33,-139.66,0.578,831.85,210.45,0.578,427.39,-91.03
0.579,799.9,192.39,0.579,294.47,-44.97,0.579,844.23,198.35,0.579,476.5,-138.61,0.579,830.45,210.45,0.579,420.41,-89.08
0.58,800.65,192.44,0.58,293.62,-44.84,0.58,843.49,198.57,0.58,473.45,-137.35,0.58,828.55,210.41,0.58,417.12,-87.94
0.581,801.16,192.26,0.581,292.64,-44.06,0.581,843.21,198.66,0.581,470.04,-135.14,0.581,828.19,210.8,0.581,414.16,-87.12
0.582,800.72,191.82,0.582,291.87,-43.8,0.582,842.47,198.66,0.582,464.75,-134.4,0.582,827.61,211.15,0.582,411.03,-85.9
0.583,799.12,192.09,0.583,290.72,-43.1,0.583,841.23,198.97,0.583,459.84,-134,0.583,826.35,211.28,0.583,406.46,-85.42
0.584,798.13,192.17,0.584,290.14,-42.58,0.584,840.05,198.75,0.584,456.77,-133.35,0.584,825.87,211.11,0.584,402.73,-84.12
0.585,797.14,192.09,0.585,289.3,-42.19,0.585,840.01,198.79,0.585,454.13,-132.53,0.585,825.21,211.28,0.585,399.56,-84.29
0.586,797.42,192.35,0.586,288.14,-41.54,0.586,839.32,198.84,0.586,452.31,-131.31,0.586,824.6,211.15,0.586,396.96,-83.68
0.587,796.98,191.74,0.587,287.65,-41.36,0.587,838.2,198.84,0.587,449.53,-128.65,0.587,823.2,211.15,0.587,395.34,-83.2
0.588,795.96,191.69,0.588,287.16,-40.75,0.588,838,198.88,0.588,444.86,-126.74,0.588,822.37,211.63,0.588,392.23,-83.29
0.589,793.16,191.52,0.589,286.7,-40.62,0.589,836.93,199.14,0.589,439.55,-123.78,0.589,820.99,211.81,0.589,391.14,-82.94
0.59,791.73,191.69,0.59,286.72,-39.88,0.59,836.19,199.23,0.59,435.11,-122.3,0.59,820.08,211.76,0.59,389.54,-82.73
0.591,791.06,191.74,0.591,286.04,-39.54,0.591,835.09,199.05,0.591,431.56,-120.39,0.591,818.18,211.98,0.591,387.88,-82.51
0.592,790.07,191.74,0.592,286.54,-39.32,0.592,833.99,199.36,0.592,429.96,-117.96,0.592,816.56,212.03,0.592,386.41,-82.68
0.593,788.61,191.21,0.593,286.19,-38.88,0.593,832.83,199.45,0.593,429.02,-116.04,0.593,815.37,211.98,0.593,385.14,-82.55
0.594,787.87,190.95,0.594,286.11,-38.41,0.594,830.93,199.32,0.594,428.24,-114.65,0.594,813.94,212.2,0.594,384.34,-82.51
0.595,786.83,191.08,,,,0.595,829.58,199.05,0.595,427.03,-112,0.595,812.34,212.29,0.595,383.52,-82.59
0.596,786,191.08,,,,0.596,828.23,199.05,0.596,424.8,-110.47,0.596,810.83,212.47,0.596,382.91,-82.59
0.597,784.41,190.64,,,,0.597,828.09,199.32,0.597,421.82,-108.26,0.597,809.62,212.33,0.597,382.11,-82.59
0.598,783.39,190.86,,,,0.598,826.8,199.36,0.598,417.99,-107.3,0.598,808.13,212.68,0.598,381.22,-82.77
0.599,781.99,190.9,,,,0.599,825.94,199.62,0.599,415.59,-106.39,0.599,806.48,212.68,0.599,380.22,-82.59
0.6,780.12,190.64,,,,0.6,823.74,199.76,0.6,413.63,-105.21,0.6,804.38,212.55,0.6,379.48,-82.51
0.601,777.67,190.77,,,,0.601,821.74,199.62,0.601,412.03,-104.86,0.601,803.12,212.68,0.601,378.08,-81.81
0.602,776.13,190.07,,,,0.602,821.6,199.84,0.602,410.65,-104.69,0.602,801.22,213.03,0.602,377.68,-81.55
0.603,775.3,189.98,,,,0.603,820.79,199.76,0.603,408.74,-104.82,0.603,799.35,213.12,0.603,376.94,-80.46
0.604,773.4,190.11,,,,0.604,819.78,199.8,0.604,407.94,-105.21,0.604,796.7,213.25,0.604,376.24,-79.81
0.605,772.68,189.63,,,,0.605,818.84,200.06,0.605,407.1,-105.56,0.605,794.89,213.25,0.605,375.47,-78.9
0.606,770.68,189.59,,,,0.606,817.35,200.02,0.606,406.41,-105.65,0.606,792.93,212.99,0.606,374.4,-77.68
0.607,769.47,189.5,,,,0.607,815.79,200.15,0.607,405.97,-105.91,0.607,791.8,213.43,0.607,373.43,-76.85
0.608,766.86,189.41,,,,0.608,814.52,200.37,,,,0.608,788.94,213.6,0.608,372.98,-75.94
0.609,766.28,189.24,,,,0.609,812.76,200.5,,,,0.609,786.82,213.25,0.609,372.14,-74.94
0.61,764.35,189.02,,,,0.61,810.56,200.41,,,,0.61,785.25,213.39,0.61,372.17,-73.55
0.611,763.45,188.97,,,,0.611,809.29,200.63,,,,0.611,782.75,213.25,0.611,371.25,-72.81
0.612,761.85,188.84,,,,0.612,807.88,200.72,,,,0.612,780.21,213.43,0.612,371.14,-71.16
0.613,760.28,188.36,,,,0.613,806.92,200.72,,,,0.613,778.78,213.39,0.613,370.75,-70.07
0.614,757.97,188.19,,,,0.614,805.44,200.41,,,,0.614,777.24,213.43,0.614,370.68,-68.63
0.615,756.12,188.1,,,,0.615,804.17,200.59,,,,0.615,774.32,213.6,0.615,369.93,-68.24
0.616,754.47,188.01,,,,0.616,802.63,200.72,,,,0.616,771.43,213.52,0.616,369.67,-67.33
0.617,752.8,187.44,,,,0.617,802.35,200.68,,,,0.617,769.67,213.56,0.617,369.15,-66.76
0.618,750.92,187.13,,,,0.618,800.32,200.5,,,,0.618,767.74,213.6,0.618,368.92,-65.85
0.619,748.86,186.91,,,,0.619,799.57,200.81,,,,0.619,765.73,213.39,0.619,368.72,-65.37
0.62,747.18,186.96,,,,0.62,798.22,201.11,,,,0.62,763.17,213.39,0.62,368.51,-64.98
0.621,746.06,185.95,,,,0.621,797.42,200.85,,,,0.621,761.1,213.43,0.621,367.97,-64.54
0.622,743.99,186.17,,,,0.622,795.88,200.98,,,,0.622,758.68,213.25,0.622,367.68,-64.07
0.623,742.64,185.69,,,,0.623,794.31,200.98,,,,0.623,756.81,213.25,0.623,367.12,-63.67
0.624,740.16,185.38,,,,0.624,793.02,200.94,,,,0.624,752.85,213.39,0.624,366.63,-63.72
0.625,738.29,185.07,,,,0.625,791.73,200.81,,,,0.625,751.96,212.9,0.625,365.73,-63.67
0.626,735.54,184.64,,,,0.626,791.36,200.85,,,,0.626,749.67,212.9,0.626,365.08,-63.37
0.627,733.37,184.46,,,,0.627,790.01,200.63,,,,0.627,747.8,212.73,0.627,364.38,-63.28
0.628,730.64,184.15,,,,0.628,788.48,200.94,,,,0.628,745.03,212.42,0.628,363.64,-63.07
0.629,728.01,183.58,,,,0.629,786.44,200.85,,,,0.629,742.51,212.55,0.629,363.3,-63.07
0.63,725.03,183.15,,,,0.63,784.9,200.85,,,,0.63,740.28,212.29,0.63,362.82,-63.11
0.631,722.75,182.71,,,,0.631,783.11,200.41,,,,0.631,737.7,212.2,0.631,362.1,-63.2
0.632,719.31,182.36,,,,0.632,781.46,200.81,,,,0.632,735.63,212.11,0.632,361.8,-63.15
0.633,717.69,181.22,,,,0.633,779.37,200.72,,,,0.633,733.72,211.94,0.633,361.27,-63.15
0.634,714.49,180.87,,,,0.634,777.14,200.41,,,,0.634,730.44,211.76,0.634,360.37,-63.15
0.635,712.34,180.43,,,,0.635,777.93,200.5,,,,0.635,728.36,211.37,0.635,359.54,-62.76
0.636,709.67,179.55,,,,0.636,777.76,200.46,,,,0.636,725.96,210.93,0.636,358.33,-63.28
0.637,706.76,179.46,,,,0.637,776.33,200.33,,,,0.637,723.14,211.63,0.637,357.84,-63.11
0.638,702.63,178.37,,,,0.638,774.29,199.97,,,,0.638,720.55,211.24,0.638,357.05,-63.11
0.639,700.57,177.97,,,,0.639,772.86,200.59,,,,0.639,717.88,210.84,0.639,356.09,-62.81
0.64,696.22,177.01,,,,0.64,771.54,200.59,,,,0.64,715.37,210.36,0.64,355.65,-63.15
0.641,693.88,176.88,,,,0.641,770.94,200.63,,,,0.641,712.53,210.27,0.641,355.26,-62.76
0.642,690.11,176.18,,,,0.642,769.02,199.8,,,,0.642,708.51,209.92,0.642,354.19,-62.76
0.643,686.97,175.87,,,,0.643,768.38,200.11,,,,0.643,705.46,209.48,0.643,353.36,-63.2
0.644,684.88,175.21,,,,0.644,766.06,199.8,,,,0.644,702.59,209.27,0.644,353.15,-62.85
0.645,680.94,174.86,,,,0.645,763.78,199.67,,,,0.645,699.56,209.35,0.645,352.37,-62.72
0.646,678.68,174.34,,,,0.646,762.05,199.36,,,,0.646,694.49,208.56,0.646,351.14,-62.94
0.647,675.62,174.03,,,,0.647,761.21,199.58,,,,0.647,691.02,208.26,0.647,350.22,-62.98
0.648,670.84,173.42,,,,0.648,758.74,199.23,,,,0.648,686.92,207.95,0.648,348.89,-62.54
0.649,667.64,172.72,,,,0.649,756.48,199.01,,,,0.649,684.08,207.95,0.649,348.66,-62.67
0.65,663.27,172.72,,,,0.65,753.86,198.79,,,,0.65,680.06,207.07,0.65,347.69,-62.67
0.651,659.74,171.88,,,,0.651,751,198.66,,,,0.651,676.53,206.07,0.651,347.1,-62.67
0.652,655.56,171.53,,,,0.652,749.6,198.53,,,,0.652,671.33,205.63,0.652,345.18,-62.37
0.653,653.16,171.31,,,,0.653,746.82,198.48,,,,0.653,668.21,204.97,0.653,344.29,-62.2
0.654,648.12,170.17,,,,0.654,745.69,198.13,,,,0.654,663.17,204.09,0.654,342.52,-62.11
0.655,645.56,170.09,,,,0.655,743.21,197.96,,,,0.655,658.96,203.22,0.655,341.56,-61.85
0.656,640.35,169.82,,,,0.656,741.64,197.7,,,,0.656,654.8,202.91,0.656,339.72,-61.98
0.657,637.4,168.95,,,,0.657,737.95,197.3,,,,0.657,650.59,202.12,0.657,338.97,-62.41
0.658,632.73,168.33,,,,0.658,735.75,197.21,,,,0.658,645.3,201.16,0.658,337.04,-62.11
0.659,629.15,167.59,,,,0.659,732.66,196.91,,,,0.659,640.04,199.71,0.659,334.12,-61.33
0.66,624.22,166.84,,,,0.66,729,196.82,,,,0.66,634.29,198.79,0.66,332.46,-60.85
0.661,622.07,166.84,,,,0.661,725.78,196.38,,,,0.661,630.27,197.96,0.661,332.39,-59.89
0.662,617.99,166.45,,,,0.662,722.26,195.99,,,,0.662,624.32,196.43,0.662,331.9,-59.2
0.663,613.2,165.75,,,,0.663,718.66,195.9,,,,0.663,618.65,194.8,0.663,330.78,-58.93
0.664,609.73,165.05,,,,0.664,715.52,195.9,,,,0.664,612.65,193.4,0.664,329.4,-58.85
0.665,606.95,164.39,,,,0.665,710.78,195.68,,,,0.665,606.65,192.04,0.665,327.21,-58.15
0.666,602.48,163.78,,,,0.666,707.65,195.37,,,,0.666,606.32,190.9,0.666,325.18,-57.8
0.667,599.81,162.55,,,,0.667,702.91,194.58,,,,0.667,596.66,188.41,0.667,323.95,-57.54
0.668,595.24,161.85,,,,0.668,699.53,193.4,,,,0.668,590.25,185.99,0.668,323.22,-57.11
0.669,592.51,160.84,,,,0.669,695.81,192.26,,,,0.669,586.09,183.67,0.669,322.53,-55.76
0.67,588,160.05,,,,0.67,693.5,190.99,,,,0.67,581.85,181.83,0.67,321.17,-54.8
0.671,585.14,159,,,,0.671,688.46,190.46,,,,0.671,576.48,179.51,0.671,319.59,-54.02
0.672,582.38,157.64,,,,0.672,683.84,189.19,,,,0.672,570.04,178.06,0.672,318.01,-53.54
0.673,579.49,156.46,,,,0.673,678.75,188.67,,,,0.673,566.16,177.27,0.673,315.94,-52.67
0.674,576.57,154.35,,,,0.674,673.72,187.66,,,,0.674,560.27,174.69,0.674,315.04,-52.02
0.675,574.14,152.82,,,,0.675,668.35,187,,,,0.675,553.93,171.4,0.675,314.27,-50.93
0.676,569.98,150.5,,,,0.676,664.58,186.52,,,,0.676,549.44,168.86,0.676,313.49,-50.5
0.677,568,149.18,,,,0.677,658.66,185.16,,,,0.677,542.87,166.27,0.677,312.8,-49.58
0.678,564.33,147.52,,,,0.678,656.59,184.24,,,,0.678,539.61,164.13,0.678,312.31,-49.15
0.679,560.37,146.51,,,,0.679,650.32,183.8,,,,0.679,535.07,162.9,0.679,311.08,-47.97
0.68,558.24,144.45,,,,0.68,646.96,182.66,,,,0.68,528.96,161.32,0.68,310.18,-47.45
0.681,554.64,143.48,,,,0.681,641.87,181.92,,,,0.681,522.96,160.8,0.681,308.79,-46.54
0.682,552.71,141.42,,,,0.682,636.97,180.87,,,,0.682,518.76,158.3,0.682,307.22,-45.19
0.683,550.28,140.15,,,,0.683,632.82,179.55,,,,0.683,515.45,156.72,0.683,306.47,-44.02
0.684,547.55,138.58,,,,0.684,628.55,178.63,,,,0.684,513.36,155.14,0.684,305.81,-43.41
0.685,545.7,137.04,,,,0.685,623.02,177.49,,,,0.685,507.82,152.64,0.685,305.72,-42.41
0.686,544.1,135.64,,,,0.686,620.57,176.75,,,,0.686,505.48,150.32,0.686,305.52,-41.71
0.687,541.21,134.32,,,,0.687,615.18,175.52,,,,0.687,501.37,148.26,0.687,305.49,-40.49
0.688,538.98,133.19,,,,0.688,612.92,174.64,,,,0.688,497.71,146.64,0.688,304.42,-40.19
0.689,536.83,132.09,,,,0.689,608.29,173.59,,,,0.689,492.37,143.26,0.689,303.68,-39.58
0.69,533.99,130.64,,,,0.69,603.45,172.58,,,,0.69,491.26,139.45,0.69,303.73,-38.41
0.691,533.19,129.99,,,,0.691,599.73,171.49,,,,0.691,488.73,134.85,0.691,304.08,-37.36
0.692,530.22,129.64,,,,0.692,594.29,170.61,,,,0.692,489.92,134.85,0.692,303.66,-36.58
0.693,528.75,128.23,,,,0.693,591.01,169.3,,,,0.693,486.7,127.22,0.693,303.55,-36.32
0.694,526.99,127.53,,,,0.694,587.38,168.51,,,,0.694,482.38,122.1,0.694,302.97,-35.58
0.695,526.6,126.61,,,,0.695,582.81,167.02,,,,0.695,477.14,118.77,0.695,302.22,-35.49
0.696,525.06,126.13,,,,0.696,580.47,166.19,,,,0.696,474.31,116.93,0.696,301.9,-34.58
0.697,523.33,125.25,,,,0.697,575.21,165.4,,,,0.697,471.06,114.69,0.697,301.8,-34.27
0.698,521.09,124.51,,,,0.698,571.8,163.42,,,,0.698,468,112.85,0.698,301.64,-33.79
0.699,519.96,123.94,,,,0.699,565.96,162.42,,,,0.699,463.26,109.43,,,
0.7,519.33,123.32,,,,0.7,563.35,161.58,,,,0.7,460.59,109.43,,,
0.701,517.21,122.23,,,,0.701,560.18,159.61,,,,0.701,459.54,105.05,,,
0.702,516.07,122.01,,,,0.702,557.09,156.24,,,,0.702,461.14,101.81,,,
0.703,514.14,121.18,,,,0.703,552.97,155.62,,,,0.703,459.74,98.43,,,
0.704,512.87,120.3,,,,0.704,551.37,153.04,,,,0.704,458.53,95.85,,,
0.705,511.38,119.64,,,,0.705,548.59,151.72,,,,0.705,455.79,93.13,,,
0.706,509.98,118.9,,,,0.706,543.39,150.98,,,,0.706,453.04,90.59,,,
0.707,508.13,118.24,,,,0.707,541.66,149.58,,,,0.707,451.03,88.44,,,
0.708,506.75,117.93,,,,0.708,538.27,148.61,,,,0.708,450.15,87.17,,,
0.709,504.47,117.98,,,,0.709,536.42,147.43,,,,0.709,450.78,85.94,,,
0.71,502.66,118.07,,,,0.71,533.9,145.76,,,,0.71,450.8,84.45,,,
0.711,501.94,118.46,,,,0.711,531.23,145.19,,,,0.711,451.44,82.79,,,
0.712,502.03,118.55,,,,0.712,529.08,143.18,,,,0.712,451.06,81.03,,,
0.713,502.55,118.55,,,,0.713,526.6,141.69,,,,0.713,452.11,79.98,,,
0.714,502.11,118.72,,,,0.714,523.19,140.5,,,,0.714,453.77,78.93,,,
0.715,501.83,118.72,,,,0.715,522.49,138.31,,,,0.715,454.96,76.83,,,
0.716,501.5,118.77,,,,0.716,520.13,136.6,,,,0.716,454.88,75.07,,,
0.717,500.05,119.12,,,,0.717,517.46,135.55,,,,0.717,455.59,74.06,,,
0.718,498.26,119.73,,,,0.718,516.5,133.54,,,,0.718,456.64,73.14,,,
0.719,497.35,120.04,,,,0.719,514.49,131.87,,,,0.719,457.44,71.83,,,
0.72,495.4,120.69,,,,0.72,513.03,129.99,,,,0.72,457.91,70.51,,,
0.721,493.75,121.18,,,,0.721,510.2,128.98,,,,0.721,458.13,69.99,,,
0.722,494.38,120.91,,,,0.722,509.07,127.49,,,,0.722,459.75,69.24,,,
0.723,494.9,120.83,,,,0.723,509.01,125.91,,,,0.723,460.53,68.76,,,
0.724,494.6,121.05,,,,0.724,507.31,124.73,,,,0.724,462.08,68.24,,,
0.725,493.37,121.26,,,,0.725,506.98,123.94,,,,0.725,464.31,67.62,,,
0.726,491.9,122.14,,,,0.726,506.62,121.88,,,,0.726,466.08,67.4,,,
0.727,491.08,123.11,,,,0.727,506.35,121.57,,,,0.727,468.06,67.05,,,
0.728,489.26,123.59,,,,0.728,505.72,120.13,,,,0.728,469.58,66.57,,,
0.729,487.39,123.98,,,,0.729,506.3,119.73,,,,0.729,472.06,66.44,,,
0.73,486.18,124.38,,,,0.73,506.11,118.72,,,,0.73,473.17,66.35,,,
0.731,485.83,124.9,,,,0.731,506.5,117.89,,,,0.731,474.3,66.13,,,
0.732,484.95,125.38,,,,0.732,507.41,117.54,,,,0.732,476.12,66.04,,,
0.733,484.86,125.73,,,,0.733,508.1,117.01,,,,0.733,477.61,65.83,,,
0.734,483.48,126.57,,,,0.734,509.07,117.19,,,,0.734,479.49,66,,,
0.735,482.35,126.83,,,,0.735,509.15,116.53,,,,0.735,481.08,65.56,,,
0.736,478.56,127.22,,,,0.736,509.29,116.53,,,,0.736,482.69,65.87,,,
0.737,476.58,127.93,,,,0.737,509.1,116.79,,,,0.737,484.1,66.4,,,
0.738,474.52,128.98,,,,0.738,509.57,116.36,,,,0.738,484.9,66.57,,,
0.739,473.33,129.55,,,,0.739,509.93,116.18,,,,0.739,485.67,66.7,,,
0.74,471.76,129.99,,,,0.74,508.97,116.84,,,,0.74,489.89,66,,,
0.741,469.91,130.86,,,,0.741,508.72,116.44,,,,0.741,491.25,65.21,,,
0.742,468.81,131.13,,,,0.742,508.14,116.62,,,,0.742,491.8,65.17,,,
0.743,468.51,131.61,,,,0.743,508.09,116.58,,,,0.743,492.71,65.87,,,
0.744,466.63,132.05,,,,0.744,506.97,117.28,,,,0.744,494.34,66.7,,,
0.745,465.56,132.92,,,,0.745,507.16,117.5,,,,0.745,494.42,67.14,,,
0.746,463.75,133.45,,,,0.746,508.92,117.41,,,,0.746,494.61,67.23,,,
0.747,461.3,134.19,,,,0.747,511.76,116.97,,,,0.747,495.17,67.84,,,
0.748,457.53,134.76,,,,0.748,512.37,116.44,,,,0.748,496.53,68.41,,,
0.749,455.96,135.55,,,,0.749,511.55,117.06,,,,0.749,498.43,69.29,,,
0.75,454.05,136.3,,,,0.75,511.61,117.41,,,,0.75,498.8,70.21,,,
0.751,451.76,136.52,,,,0.751,512.58,118.07,,,,0.751,500.64,70.78,,,
0.752,449.72,137.52,,,,0.752,511.67,118.46,,,,0.752,500.84,71.26,,,
0.753,446.91,137.66,,,,0.753,510.27,118.94,,,,0.753,501.23,72.31,,,
0.754,443.69,138.27,,,,0.754,512.15,119.34,,,,0.754,501.59,73.5,,,
0.755,441.29,138.93,,,,0.755,513.67,119.64,,,,0.755,501.07,75.25,,,
0.756,438.18,139.58,,,,0.756,514.5,119.95,,,,0.756,499.92,76.04,,,
0.757,435.07,140.07,,,,0.757,516.09,120.39,,,,0.757,497.58,77.7,,,
0.758,432.64,140.5,,,,0.758,517.94,120.48,,,,0.758,496.24,78.93,,,
0.759,429.52,140.94,,,,0.759,517.2,120.74,,,,0.759,495.72,81.03,,,
0.76,426.87,141.21,,,,0.76,516.16,121.09,,,,0.76,494.54,82.65,,,
0.761,423.48,141.56,,,,0.761,515.42,121.88,,,,0.761,493.94,85.02,,,
0.762,420.01,142.39,,,,0.762,514.08,122.71,,,,0.762,492.52,87.87,,,
0.763,415.68,142.74,,,,0.763,512.49,123.28,,,,0.763,491.53,91.11,,,
0.764,412.1,143.26,,,,0.764,511.11,123.85,,,,0.764,489.11,93.7,,,
0.765,406.39,143.44,,,,0.765,511.33,124.2,,,,0.765,488.79,95.32,,,
0.766,400.91,143.92,,,,0.766,511.69,124.73,,,,0.766,487.66,98.34,,,
0.767,398.59,144.01,,,,0.767,511.14,125.38,,,,0.767,486.73,101.54,,,
0.768,395.23,144.1,,,,0.768,510.71,126.52,,,,0.768,484.5,104.22,,,
0.769,393.09,143.62,,,,0.769,509.29,126.96,,,,0.769,482.6,106.36,,,
0.77,385.15,144.05,,,,0.77,507.64,127.93,,,,0.77,480.82,108.51,,,
0.771,380.1,144.36,,,,0.771,505.91,129.07,,,,0.771,477.8,111.54,,,
0.772,376.78,144.89,,,,0.772,504.39,129.42,,,,0.772,475.99,114.38,,,
0.773,373.47,144.32,,,,0.773,503.1,130.38,,,,0.773,474.47,116.58,,,
0.774,370.74,144.75,,,,0.774,501.47,131.34,,,,0.774,472.39,118.55,,,
0.775,363.35,144.4,,,,0.775,499.65,132.18,,,,0.775,469.86,122.36,,,
0.776,357.93,144.05,,,,0.776,497.56,132.97,,,,0.776,467.05,124.07,,,
0.777,352.31,144.49,,,,0.777,494.45,134.28,,,,0.777,464.17,126.61,,,
0.778,346.91,144.75,,,,0.778,491.7,134.89,,,,0.778,461.83,128.76,,,
0.779,341.34,145.19,,,,0.779,489.42,136.08,,,,0.779,458.33,130.82,,,
0.78,336.05,145.68,,,,0.78,487.22,136.6,,,,0.78,454.48,132.09,,,
0.781,333.17,145.89,,,,0.781,484.96,137.44,,,,0.781,451.38,133.8,,,
0.782,329.5,146.03,,,,0.782,482.43,138.53,,,,0.782,449.23,134.5,,,
0.783,322.51,145.89,,,,0.783,480.47,139.19,,,,0.783,445.29,135.9,,,
0.784,316.7,145.76,,,,0.784,476.17,140.15,,,,0.784,441.03,137.04,,,
0.785,309.88,145.76,,,,0.785,472.4,141.07,,,,0.785,437.86,138.05,,,
0.786,305.19,145.94,,,,0.786,468.48,141.86,,,,0.786,436.87,138.71,,,
0.787,298.43,145.94,,,,0.787,465.04,142.91,,,,0.787,433.37,139.63,,,
0.788,291.51,145.59,,,,0.788,461.93,143.48,,,,0.788,429.16,140.24,,,
0.789,286.02,144.32,,,,0.789,458.77,143.92,,,,0.789,423.29,140.46,,,
0.79,280.09,143.31,,,,0.79,455.32,144.71,,,,0.79,419.27,140.99,,,
0.791,272.5,141.6,,,,0.791,452.29,144.71,,,,0.791,416.52,141.07,,,
0.792,267.56,138.88,,,,0.792,448.71,145.37,,,,0.792,412.57,142.34,,,
0.793,259.72,136.95,,,,0.793,445.57,146.07,,,,0.793,407.29,142.39,,,
0.794,255.11,134.15,,,,0.794,441.05,146.42,,,,0.794,395.42,142.39,,,
0.795,247.86,131.7,,,,0.795,436.64,147.08,,,,0.795,388.53,142.61,,,
0.796,242.53,127.53,,,,0.796,431.84,147.12,,,,0.796,376.46,140.28,,,
0.797,237.75,122.49,,,,0.797,427.96,147.87,,,,0.797,372.63,134.02,,,
0.798,231.07,119.69,,,,0.798,422.97,147.87,,,,0.798,365.2,129.5,,,
0.799,224.9,115.48,,,,0.799,418.05,147.82,,,,0.799,357.85,127.01,,,
0.8,218.64,113.16,,,,0.8,413.45,148.17,,,,0.8,353.97,127.01,,,
0.801,210.83,110.44,,,,0.801,409.26,148.22,,,,0.801,350.03,130.2,,,
0.802,204.6,109.56,,,,0.802,402.2,148.35,,,,0.802,347.85,133.19,,,
0.803,196.5,108.38,,,,0.803,396.71,148.35,,,,0.803,345.27,133.1,,,
0.804,191.4,106.5,,,,0.804,387.94,148.44,,,,0.804,338.42,132.62,,,
0.805,186.4,104.09,,,,0.805,382.21,148.87,,,,0.805,323.29,132.22,,,
0.806,181.93,102.46,,,,0.806,374.13,148.87,,,,0.806,314.47,131.74,,,
0.807,177.51,98.12,,,,0.807,367.04,148.87,,,,0.807,305.9,131.96,,,
0.808,173.18,94.84,,,,0.808,358.77,148.74,,,,0.808,301.78,133.14,,,
0.809,166.76,91.16,,,,0.809,352.79,148.61,,,,0.809,299.7,133.49,,,
0.81,162.23,85.99,,,,0.81,344.92,147.87,,,,0.81,295.37,133.45,,,
0.811,156.3,83.01,,,,0.811,339.08,147.6,,,,0.811,288.92,132.05,,,
0.812,151.53,78.71,,,,0.812,331.05,146.99,,,,0.812,283.5,129.85,,,
0.813,145.63,75.95,,,,0.813,324.52,145.37,,,,0.813,276.62,127.27,,,
0.814,140.42,72.36,,,,0.814,316.74,143.35,,,,0.814,267.95,124.64,,,
0.815,134.51,70.16,,,,0.815,310.15,140.46,,,,0.815,262.19,121.35,,,
0.816,129.41,65.17,,,,0.816,301.6,138.01,,,,0.816,258.33,119.38,,,
0.817,119.13,62.19,,,,0.817,293.35,135.81,,,,0.817,251.63,117.23,,,
0.818,113.79,58.38,,,,0.818,286.1,133.23,,,,0.818,244.11,113.77,,,
0.819,108.99,56.01,,,,0.819,278.9,131.08,,,,0.819,238.57,109.61,,,
0.82,104.67,49.61,,,,0.82,267.52,128.41,,,,0.82,231.84,105.36,,,
0.821,100.76,46.5,,,,0.821,262,123.81,,,,0.821,227.26,102.55,,,
0.822,97.42,42.82,,,,0.822,254.66,119.95,,,,0.822,220.38,98.43,,,
0.823,97.98,36.73,,,,0.823,234.1,115.74,,,,0.823,215.91,95.28,,,
0.824,99.32,33.44,,,,0.824,218.56,112.37,,,,0.824,209.4,91.38,,,
0.825,101.2,32.17,,,,0.825,228.6,111.01,,,,0.825,205.43,88.75,,,
0.826,99.9,30.06,,,,0.826,230.32,105.05,,,,0.826,198.16,85.63,,,
0.827,97.5,24.98,,,,0.827,220.46,96.11,,,,0.827,190.69,80.42,,,
0.828,91.06,20.12,,,,0.828,209.48,90.02,,,,0.828,185.01,75.95,,,
0.829,85.7,13.32,,,,0.829,193.29,88.4,,,,0.829,180.47,72.14,,,
0.83,79.2,9.33,,,,0.83,183.75,84.71,,,,0.83,173.33,68.94,,,
0.831,74.9,5.13,,,,0.831,179.94,80.42,,,,0.831,167.15,64.86,,,
0.832,71.48,3.81,,,,0.832,168.19,77.53,,,,0.832,162.63,59.91,,,
0.833,69.24,2.1,,,,0.833,160.1,71.83,,,,0.833,159.51,56.4,,,
0.834,66.84,0.92,,,,0.834,160.15,67.49,,,,0.834,153.37,51.45,,,
0.835,64.28,0.18,,,,0.835,159.1,62.28,,,,0.835,148.74,46.81,,,
0.836,62.87,0.18,,,,0.836,152.58,58.42,,,,0.836,142.26,43.69,,,
0.837,61.16,0.39,,,,0.837,145.36,51.23,,,,0.837,137.99,39,,,
0.838,58.71,0.09,,,,0.838,132.91,47.9,,,,0.838,133.17,36.33,,,
0.839,55.96,0.09,,,,0.839,125.73,43.78,,,,0.839,122.03,32.69,,,
0.84,53.74,-0.13,,,,0.84,118.99,39.14,,,,0.84,122.39,29.76,,,
0.841,52.61,0.39,,,,0.841,113.22,36.2,,,,0.841,122.25,26.91,,,
0.842,52.47,0.13,,,,0.842,110.04,34.58,,,,0.842,117.92,23.71,,,
0.843,52,0.22,,,,0.843,105.87,34.75,,,,0.843,112,19.68,,,
0.844,52.91,0.18,,,,0.844,101.08,34.1,,,,0.844,105.08,15.65,,,
0.845,55.11,0.18,,,,0.845,99.3,31.6,,,,0.845,102.41,11.53,,,
0.846,56.32,-26.82,,,,0.846,97.36,27.74,,,,0.846,101.09,9.2,,,
0.847,55.21,-49.87,,,,0.847,91.63,20.9,,,,0.847,96.15,6.53,,,
0.848,57.82,-52.02,,,,0.848,85.56,17.14,,,,0.848,89.37,1.1,,,
0.849,59.71,-44.83,,,,0.849,80.53,12.36,,,,0.849,89.34,-0.13,,,
0.85,63.52,-39.44,,,,0.85,75.21,10.26,,,,0.85,89.58,-0.09,,,
0.851,59.28,-24.81,,,,0.851,70.82,6.88,,,,0.851,90.38,0.22,,,
0.852,47,-13.1,,,,0.852,67.01,4.21,,,,0.852,85.84,-0.09,,,
,,,,,,0.853,64.79,0.31,,,,0.853,79.18,0.09,,,
,,,,,,0.854,63.38,-0.09,,,,0.854,75.34,-0.22,,,
,,,,,,0.855,60.38,0.04,,,,0.855,73.74,-0.09,,,
,,,,,,0.856,57.16,-0.09,,,,0.856,73.39,-9.38,,,
,,,,,,0.857,51.3,-0.26,,,,0.857,72.94,-59.47,,,
,,,,,,0.858,45.94,-0.22,,,,0.858,73.85,-70.91,,,
,,,,,,0.859,41.06,-0.04,,,,0.859,78.58,-66,,,
,,,,,,0.86,37.52,0.13,,,,0.86,85.65,-55.88,,,
,,,,,,0.861,36,0.04,,,,0.861,84.1,-42.69,,,
,,,,,,0.862,35.06,-15.21,,,,0.862,70.63,-20.07,,,
,,,,,,0.863,34.69,-43.78,,,,0.863,58.8,-11.7,,,
,,,,,,0.864,35.82,-43.65,,,,,,,,,
,,,,,,0.865,37.24,-34.53,,,,,,,,,
,,,,,,0.866,40.86,-28.84,,,,,,,,,
,,,,,,0.867,39.78,-12.31,,,,,,,,,
,,,,,,0.868,27.76,-0.88,,,,,,,,,
,,,,,,0.869,21.36,-0.26,,,,,,,,,
,,,,,,0.87,14.76,-3.24,,,,,,,,,
,,,,,,0.871,11.01,-12.75,,,,,,,,,
,,,,,,0.872,10.9,-13.45,,,,,,,,,
,,,,,,0.873,12.99,-8.9,,,,,,,,,
,,,,,,0.874,11.38,-9.55,,,,,,,,,
,,,,,,0.875,13.18,-12.45,,,,,,,,,
,,,,,,0.876,6.88,-8.55,,,,,,,,,
,,,,,,0.877,5.55,-3.59,,,,,,,,,
,,,,,,0.878,13.35,-4.65,,,,,,,,,
,,,,,,0.879,9.44,-8.81,,,,,,,,,
,,,,,,0.88,2.08,-4.73,,,,,,,,,
,,,,,,0.881,6.17,-0.26,,,,,,,,,
,,,,,,0.882,12.68,0.04,,,,,,,,,
,,,,,,0.883,14.64,-0.66,,,,,,,,,
,,,,,,0.884,13.05,-2.32,,,,,,,,,
,,,,,,0.885,10.45,-1.49,,,,,,,,,
,,,,,,0.886,9.15,-1.01,,,,,,,,,
,,,,,,0.887,6.9,-3.51,,,,,,,,,
,,,,,,0.888,3.3,-6.18,,,,,,,,,
,,,,,,0.889,0.92,-5.7,,,,,,,,,
,,,,,,0.89,-1.56,-4.21,,,,,,,,,
,,,,,,0.891,1.28,-4.6,,,,,,,,,
,,,,,,0.892,0.49,-4.82,,,,,,,,,
,,,,,,0.893,1.65,-3.77,,,,,,,,,
,,,,,,0.894,2.01,-2.28,,,,,,,,,
,,,,,,0.895,-0.22,-1.62,,,,,,,,,